accepted_name_resolved;key;scientificName;acceptedScientificName;taxonRank;kingdom;phylum;class;order;family;genus;species;countryCode;stateProvince;decimalLatitude;decimalLongitude;eventDate;year;basisOfRecord;institutionCode;collectionCode;datasetName;issues;datasetKey;publishingOrgKey;installationKey;hostingOrganizationKey;publishingCountry;protocol;lastCrawled;lastParsed;crawlId;occurrenceStatus;taxonKey;kingdomKey;phylumKey;classKey;orderKey;familyKey;genusKey;speciesKey;acceptedTaxonKey;genericName;specificEpithet;taxonomicStatus;dateIdentified;coordinateUncertaintyInMeters;continent;month;day;startDayOfYear;endDayOfYear;modified;lastInterpreted;references;license;isSequenced;identifier;facts;relations;isInCluster;recordedBy;identifiedBy;geodeticDatum;recordedByIDs;identifiedByIDs;gbifRegion;country;publishedByGbifRegion;rightsHolder;identifier.1;http...unknown.org.nick;verbatimEventDate;verbatimLocality;gbifID;occurrenceID;taxonID;http...unknown.org.captive_cultivated;catalogNumber;eventTime;identificationID;name;recordedByIDs.type;recordedByIDs.value;identifiedByIDs.type;identifiedByIDs.value;distanceFromCentroidInMeters;projectId;infraspecificEpithet;occurrenceRemarks;dynamicProperties
Amanita muscaria;5838331187;Amanita muscaria (L.) Lam.;Amanita muscaria (L.) Lam.;SPECIES;Fungi;Basidiomycota;Agaricomycetes;Agaricales;Amanitaceae;Amanita;Amanita muscaria;BE;Vlaanderen;51,357277;5,021286;2025-09-25T13:28:16;2025;HUMAN_OBSERVATION;iNaturalist;Observations;iNaturalist research-grade observations;cdc,cdround;50c9509d-22c7-4a22-a47d-8c48425ef4a7;28eb1a3f-1c15-4a95-931a-4af90ecb574d;997448a8-f762-11e1-a439-00145eb45e9a;28eb1a3f-1c15-4a95-931a-4af90ecb574d;US;DWC_ARCHIVE;2026-04-17T19:39:17.972+00:00;2026-04-18T10:18:00.624+00:00;589;PRESENT;8168319;5;34;186;1499;4171;6005964;8168319;8168319;Amanita;muscaria;ACCEPTED;2025-09-25T14:38:09;10;EUROPE;9;25;268;268;2025-10-04T18:09:42.000+00:00;2026-04-18T10:18:00.624+00:00;https://www.inaturalist.org/observations/316491647;http://creativecommons.org/licenses/by/4.0/legalcode;FALSE;316491647;none;none;FALSE;Freya Rinia;Freya Rinia;WGS84;none;none;EUROPE;Belgium;NORTH_AMERICA;Freya Rinia;316491647;freya64;2025-09-25 13:28:16;2380 Ravels, België;5838331187;https://www.inaturalist.org/observations/316491647;48715;wild;316491647;13:28:16+02:00;703134132;Amanita muscaria (L.) Lam.;NA;NA;NA;NA;NA;NA;NA;NA;NA
Amanita muscaria;5844077074;Amanita muscaria (L.) Lam.;Amanita muscaria (L.) Lam.;SPECIES;Fungi;Basidiomycota;Agaricomycetes;Agaricales;Amanitaceae;Amanita;Amanita muscaria;BE;Vlaanderen;51,033740;3,706925;2025-09-26T11:30:12;2025;HUMAN_OBSERVATION;iNaturalist;Observations;iNaturalist research-grade observations;cdc,cdround;50c9509d-22c7-4a22-a47d-8c48425ef4a7;28eb1a3f-1c15-4a95-931a-4af90ecb574d;997448a8-f762-11e1-a439-00145eb45e9a;28eb1a3f-1c15-4a95-931a-4af90ecb574d;US;DWC_ARCHIVE;2026-04-17T19:39:17.972+00:00;2026-04-18T09:53:57.570+00:00;589;PRESENT;8168319;5;34;186;1499;4171;6005964;8168319;8168319;Amanita;muscaria;ACCEPTED;2025-10-04T17:59:17;114;EUROPE;9;26;269;269;2025-11-18T21:59:46.000+00:00;2026-04-18T09:53:57.570+00:00;https://www.inaturalist.org/observations/316694310;http://creativecommons.org/licenses/by-nc/4.0/legalcode;FALSE;316694310;none;none;FALSE;Anaïs .Van Ertvelde;Vincent B.;WGS84;none;none;EUROPE;Belgium;NORTH_AMERICA;Anaïs .Van Ertvelde;316694310;anais53537;2025-09-26 11:30:12;Gent, 9000 Gent, België;5844077074;https://www.inaturalist.org/observations/316694310;48715;wild;316694310;11:30:12+02:00;707566679;Amanita muscaria (L.) Lam.;NA;NA;NA;NA;NA;NA;NA;NA;NA
Amanita muscaria;5839973156;Amanita muscaria (L.) Lam.;Amanita muscaria (L.) Lam.;SPECIES;Fungi;Basidiomycota;Agaricomycetes;Agaricales;Amanitaceae;Amanita;Amanita muscaria;BE;Vlaanderen;51,080056;3,342344;2025-10-05T14:17:36;2025;HUMAN_OBSERVATION;iNaturalist;Observations;iNaturalist research-grade observations;cdc,cdround;50c9509d-22c7-4a22-a47d-8c48425ef4a7;28eb1a3f-1c15-4a95-931a-4af90ecb574d;997448a8-f762-11e1-a439-00145eb45e9a;28eb1a3f-1c15-4a95-931a-4af90ecb574d;US;DWC_ARCHIVE;2026-04-17T19:39:17.972+00:00;2026-04-18T08:08:53.032+00:00;589;PRESENT;8168319;5;34;186;1499;4171;6005964;8168319;8168319;Amanita;muscaria;ACCEPTED;2025-10-07T15:35:47;NA;EUROPE;10;5;278;278;2025-10-08T09:01:53.000+00:00;2026-04-18T08:08:53.032+00:00;https://www.inaturalist.org/observations/319379140;http://creativecommons.org/licenses/by/4.0/legalcode;FALSE;319379140;none;none;FALSE;Michiel de Groot;Michiel de Groot;WGS84;NA;NA;EUROPE;Belgium;NORTH_AMERICA;Michiel de Groot;319379140;michieldg;2025-10-05 14:17:36;Wingene, 8750 Wingene, Belgium;5839973156;https://www.inaturalist.org/observations/319379140;48715;wild;319379140;14:17:36+02:00;709017590;Amanita muscaria (L.) Lam.;ORCID;https://orcid.org/0000-0002-0406-1076;ORCID;https://orcid.org/0000-0002-0406-1076;NA;NA;NA;NA;NA
Amanita muscaria;5840326956;Amanita muscaria (L.) Lam.;Amanita muscaria (L.) Lam.;SPECIES;Fungi;Basidiomycota;Agaricomycetes;Agaricales;Amanitaceae;Amanita;Amanita muscaria;BE;Vlaanderen;51,003830;3,663921;2025-10-07;2025;HUMAN_OBSERVATION;iNaturalist;Observations;iNaturalist research-grade observations;cdc,cdround;50c9509d-22c7-4a22-a47d-8c48425ef4a7;28eb1a3f-1c15-4a95-931a-4af90ecb574d;997448a8-f762-11e1-a439-00145eb45e9a;28eb1a3f-1c15-4a95-931a-4af90ecb574d;US;DWC_ARCHIVE;2026-04-17T19:39:17.972+00:00;2026-04-18T10:18:34.699+00:00;589;PRESENT;8168319;5;34;186;1499;4171;6005964;8168319;8168319;Amanita;muscaria;ACCEPTED;2025-10-07T11:53:54;NA;EUROPE;10;7;280;280;2025-10-08T17:05:42.000+00:00;2026-04-18T10:18:34.699+00:00;https://www.inaturalist.org/observations/319344586;http://creativecommons.org/licenses/by-nc/4.0/legalcode;FALSE;319344586;none;none;FALSE;Thibault;Thibault;WGS84;none;none;EUROPE;Belgium;NORTH_AMERICA;Thibault;319344586;titiavi;2025-10-07;Oost-Vlaanderen, Vlaanderen, BE;5840326956;https://www.inaturalist.org/observations/319344586;48715;wild;319344586;NA;708941071;Amanita muscaria (L.) Lam.;NA;NA;NA;NA;NA;NA;NA;NA;NA
Amanita muscaria;5843969086;Amanita muscaria (L.) Lam.;Amanita muscaria (L.) Lam.;SPECIES;Fungi;Basidiomycota;Agaricomycetes;Agaricales;Amanitaceae;Amanita;Amanita muscaria;BE;Vlaanderen;51,346304;4,426932;2025-10-11T15:58:08;2025;HUMAN_OBSERVATION;iNaturalist;Observations;iNaturalist research-grade observations;cdc,cdround;50c9509d-22c7-4a22-a47d-8c48425ef4a7;28eb1a3f-1c15-4a95-931a-4af90ecb574d;997448a8-f762-11e1-a439-00145eb45e9a;28eb1a3f-1c15-4a95-931a-4af90ecb574d;US;DWC_ARCHIVE;2026-04-17T19:39:17.972+00:00;2026-04-18T09:55:10.018+00:00;589;PRESENT;8168319;5;34;186;1499;4171;6005964;8168319;8168319;Amanita;muscaria;ACCEPTED;2025-10-11T15:31:48;36;EUROPE;10;11;284;284;2025-10-30T15:50:49.000+00:00;2026-04-18T09:55:10.018+00:00;https://www.inaturalist.org/observations/320179185;http://creativecommons.org/licenses/by-nc/4.0/legalcode;FALSE;320179185;none;none;FALSE;Roald Santens;Roald Santens;WGS84;none;none;EUROPE;Belgium;NORTH_AMERICA;Roald Santens;320179185;roald_santens;2025-10-11 15:58:08;Oude Galgenstraat, Kapellen, Antwerp, BE;5843969086;https://www.inaturalist.org/observations/320179185;48715;wild;320179185;15:58:08+02:00;710763039;Amanita muscaria (L.) Lam.;NA;NA;NA;NA;NA;NA;NA;NA;NA
Amanita muscaria;5843988292;Amanita muscaria (L.) Lam.;Amanita muscaria (L.) Lam.;SPECIES;Fungi;Basidiomycota;Agaricomycetes;Agaricales;Amanitaceae;Amanita;Amanita muscaria;BE;Vlaanderen;51,323222;4,903750;2025-10-11T13:43:03;2025;HUMAN_OBSERVATION;iNaturalist;Observations;iNaturalist research-grade observations;cdc,cdround;50c9509d-22c7-4a22-a47d-8c48425ef4a7;28eb1a3f-1c15-4a95-931a-4af90ecb574d;997448a8-f762-11e1-a439-00145eb45e9a;28eb1a3f-1c15-4a95-931a-4af90ecb574d;US;DWC_ARCHIVE;2026-04-17T19:39:17.972+00:00;2026-04-18T09:55:08.778+00:00;589;PRESENT;8168319;5;34;186;1499;4171;6005964;8168319;8168319;Amanita;muscaria;ACCEPTED;2025-10-11T12:21:03;8;EUROPE;10;11;284;284;2025-10-30T15:52:01.000+00:00;2026-04-18T09:55:08.778+00:00;https://www.inaturalist.org/observations/320143211;http://creativecommons.org/licenses/by-nc/4.0/legalcode;FALSE;320143211;none;none;FALSE;Max Devis;Max Devis;WGS84;none;none;EUROPE;Belgium;NORTH_AMERICA;Max Devis;320143211;max_devis;2025-10-11 13:43:03+02:00;Oude Beersebaan, Turnhout, Antwerp, BE;5843988292;https://www.inaturalist.org/observations/320143211;48715;wild;320143211;13:43:03+02:00;710697599;Amanita muscaria (L.) Lam.;NA;NA;NA;NA;NA;NA;NA;NA;NA
Amanita muscaria;5844116332;Amanita muscaria (L.) Lam.;Amanita muscaria (L.) Lam.;SPECIES;Fungi;Basidiomycota;Agaricomycetes;Agaricales;Amanitaceae;Amanita;Amanita muscaria;BE;Vlaanderen;51,345990;4,426030;2025-10-11T16:58:03;2025;HUMAN_OBSERVATION;iNaturalist;Observations;iNaturalist research-grade observations;cdc,cdround;50c9509d-22c7-4a22-a47d-8c48425ef4a7;28eb1a3f-1c15-4a95-931a-4af90ecb574d;997448a8-f762-11e1-a439-00145eb45e9a;28eb1a3f-1c15-4a95-931a-4af90ecb574d;US;DWC_ARCHIVE;2026-04-17T19:39:17.972+00:00;2026-04-18T08:21:53.007+00:00;589;PRESENT;8168319;5;34;186;1499;4171;6005964;8168319;8168319;Amanita;muscaria;ACCEPTED;2025-10-11T16:21:38;17;EUROPE;10;11;284;284;2025-10-30T15:50:02.000+00:00;2026-04-18T08:21:53.007+00:00;https://www.inaturalist.org/observations/320189908;http://creativecommons.org/licenses/by-nc/4.0/legalcode;FALSE;320189908;none;none;FALSE;Roald Santens;Roald Santens;WGS84;none;none;EUROPE;Belgium;NORTH_AMERICA;Roald Santens;320189908;roald_santens;2025-10-11 16:58:03;Oude Galgenstraat, Kapellen, Antwerp, BE;5844116332;https://www.inaturalist.org/observations/320189908;48715;wild;320189908;16:58:03+02:00;710783392;Amanita muscaria (L.) Lam.;NA;NA;NA;NA;NA;NA;NA;NA;NA
Amanita muscaria;5844125673;Amanita muscaria (L.) Lam.;Amanita muscaria (L.) Lam.;SPECIES;Fungi;Basidiomycota;Agaricomycetes;Agaricales;Amanitaceae;Amanita;Amanita muscaria;BE;Vlaanderen;51,345275;4,436442;2025-10-11T16:37:42;2025;HUMAN_OBSERVATION;iNaturalist;Observations;iNaturalist research-grade observations;cdc,cdround;50c9509d-22c7-4a22-a47d-8c48425ef4a7;28eb1a3f-1c15-4a95-931a-4af90ecb574d;997448a8-f762-11e1-a439-00145eb45e9a;28eb1a3f-1c15-4a95-931a-4af90ecb574d;US;DWC_ARCHIVE;2026-04-17T19:39:17.972+00:00;2026-04-18T09:55:12.937+00:00;589;PRESENT;8168319;5;34;186;1499;4171;6005964;8168319;8168319;Amanita;muscaria;ACCEPTED;2025-10-11T16:14:42;17;EUROPE;10;11;284;284;2025-10-30T15:50:17.000+00:00;2026-04-18T09:55:12.937+00:00;https://www.inaturalist.org/observations/320188358;http://creativecommons.org/licenses/by-nc/4.0/legalcode;FALSE;320188358;none;none;FALSE;Roald Santens;Roald Santens;WGS84;none;none;EUROPE;Belgium;NORTH_AMERICA;Roald Santens;320188358;roald_santens;2025-10-11 16:37:42;Antwerpen, Vlaanderen, BE;5844125673;https://www.inaturalist.org/observations/320188358;48715;wild;320188358;16:37:42+02:00;710780554;Amanita muscaria (L.) Lam.;NA;NA;NA;NA;NA;NA;NA;NA;NA
Amanita muscaria;5844147332;Amanita muscaria (L.) Lam.;Amanita muscaria (L.) Lam.;SPECIES;Fungi;Basidiomycota;Agaricomycetes;Agaricales;Amanitaceae;Amanita;Amanita muscaria;BE;Vlaanderen;51,173439;5,535484;2025-10-10T12:41:24;2025;HUMAN_OBSERVATION;iNaturalist;Observations;iNaturalist research-grade observations;cdc,cdround;50c9509d-22c7-4a22-a47d-8c48425ef4a7;28eb1a3f-1c15-4a95-931a-4af90ecb574d;997448a8-f762-11e1-a439-00145eb45e9a;28eb1a3f-1c15-4a95-931a-4af90ecb574d;US;DWC_ARCHIVE;2026-04-17T19:39:17.972+00:00;2026-04-18T08:09:07.908+00:00;589;PRESENT;8168319;5;34;186;1499;4171;6005964;8168319;8168319;Amanita;muscaria;ACCEPTED;2025-10-10T15:36:14;NA;EUROPE;10;10;283;283;2025-10-13T21:29:22.000+00:00;2026-04-18T08:09:07.908+00:00;https://www.inaturalist.org/observations/319972316;http://creativecommons.org/licenses/by/4.0/legalcode;FALSE;319972316;none;none;FALSE;bart klaessens;bart klaessens;WGS84;none;none;EUROPE;Belgium;NORTH_AMERICA;bart klaessens;319972316;bart1980;2025-10-10 12:41:24;Bocholt, 3950 Bocholt, België;5844147332;https://www.inaturalist.org/observations/319972316;48715;wild;319972316;12:41:24+02:00;710339880;Amanita muscaria (L.) Lam.;NA;NA;NA;NA;NA;NA;NA;NA;NA
Amanita muscaria;5844239773;Amanita muscaria (L.) Lam.;Amanita muscaria (L.) Lam.;SPECIES;Fungi;Basidiomycota;Agaricomycetes;Agaricales;Amanitaceae;Amanita;Amanita muscaria;BE;Vlaanderen;51,151917;3,871075;2025-10-12T16:00:04;2025;HUMAN_OBSERVATION;iNaturalist;Observations;iNaturalist research-grade observations;cdc,cdround;50c9509d-22c7-4a22-a47d-8c48425ef4a7;28eb1a3f-1c15-4a95-931a-4af90ecb574d;997448a8-f762-11e1-a439-00145eb45e9a;28eb1a3f-1c15-4a95-931a-4af90ecb574d;US;DWC_ARCHIVE;2026-04-17T19:39:17.972+00:00;2026-04-18T08:09:33.549+00:00;589;PRESENT;8168319;5;34;186;1499;4171;6005964;8168319;8168319;Amanita;muscaria;ACCEPTED;2025-10-12T14:00:52;5;EUROPE;10;12;285;285;2025-10-13T09:23:55.000+00:00;2026-04-18T08:09:33.549+00:00;https://www.inaturalist.org/observations/320403106;http://creativecommons.org/licenses/by-nc/4.0/legalcode;FALSE;320403106;none;none;FALSE;neefke365;neefke365;WGS84;none;none;EUROPE;Belgium;NORTH_AMERICA;neefke365;320403106;neefke365;2025-10-12 16:00:04;Wachtebeke Domein Puyenbroeck P1, 9185 Lochristi, België;5844239773;https://www.inaturalist.org/observations/320403106;48715;wild;320403106;16:00:04+02:00;711209060;Amanita muscaria (L.) Lam.;NA;NA;NA;NA;NA;NA;NA;NA;NA
Amanita muscaria;5844243649;Amanita muscaria (L.) Lam.;Amanita muscaria (L.) Lam.;SPECIES;Fungi;Basidiomycota;Agaricomycetes;Agaricales;Amanitaceae;Amanita;Amanita muscaria;BE;Vlaanderen;50,823897;2,963987;2025-10-12T15:16:38;2025;HUMAN_OBSERVATION;iNaturalist;Observations;iNaturalist research-grade observations;cdc,cdround;50c9509d-22c7-4a22-a47d-8c48425ef4a7;28eb1a3f-1c15-4a95-931a-4af90ecb574d;997448a8-f762-11e1-a439-00145eb45e9a;28eb1a3f-1c15-4a95-931a-4af90ecb574d;US;DWC_ARCHIVE;2026-04-17T19:39:17.972+00:00;2026-04-18T11:14:01.521+00:00;589;PRESENT;8168319;5;34;186;1499;4171;6005964;8168319;8168319;Amanita;muscaria;ACCEPTED;2025-10-12T13:17:12;9;EUROPE;10;12;285;285;2026-02-03T14:53:54.000+00:00;2026-04-18T11:14:01.521+00:00;https://www.inaturalist.org/observations/320395590;http://creativecommons.org/licenses/by-nc/4.0/legalcode;FALSE;320395590;none;none;FALSE;pol maes;pol maes;WGS84;none;none;EUROPE;Belgium;NORTH_AMERICA;pol maes;320395590;polmaes;2025-10-12 15:16:38+02:00;Zandvoorde, Zonnebeke, West-Vlaanderen, BE;5844243649;https://www.inaturalist.org/observations/320395590;48715;wild;320395590;15:16:38+02:00;711192656;Amanita muscaria (L.) Lam.;NA;NA;NA;NA;NA;NA;NA;NA;NA
Amanita muscaria;5844243652;Amanita muscaria (L.) Lam.;Amanita muscaria (L.) Lam.;SPECIES;Fungi;Basidiomycota;Agaricomycetes;Agaricales;Amanitaceae;Amanita;Amanita muscaria;BE;Vlaanderen;51,152102;3,870810;2025-10-12T15:48:28;2025;HUMAN_OBSERVATION;iNaturalist;Observations;iNaturalist research-grade observations;cdc,cdround;50c9509d-22c7-4a22-a47d-8c48425ef4a7;28eb1a3f-1c15-4a95-931a-4af90ecb574d;997448a8-f762-11e1-a439-00145eb45e9a;28eb1a3f-1c15-4a95-931a-4af90ecb574d;US;DWC_ARCHIVE;2026-04-17T19:39:17.972+00:00;2026-04-18T08:09:06.739+00:00;589;PRESENT;8168319;5;34;186;1499;4171;6005964;8168319;8168319;Amanita;muscaria;ACCEPTED;2025-10-12T13:49:38;3;EUROPE;10;12;285;285;2025-10-13T09:24:03.000+00:00;2026-04-18T08:09:06.739+00:00;https://www.inaturalist.org/observations/320400999;http://creativecommons.org/licenses/by-nc/4.0/legalcode;FALSE;320400999;none;none;FALSE;neefke365;neefke365;WGS84;none;none;EUROPE;Belgium;NORTH_AMERICA;neefke365;320400999;neefke365;2025-10-12 15:48:28;Wachtebeke Domein Puyenbroeck P1, 9185 Lochristi, België;5844243652;https://www.inaturalist.org/observations/320400999;48715;wild;320400999;15:48:28+02:00;711204938;Amanita muscaria (L.) Lam.;NA;NA;NA;NA;NA;NA;NA;NA;NA
Amanita muscaria;5844258783;Amanita muscaria (L.) Lam.;Amanita muscaria (L.) Lam.;SPECIES;Fungi;Basidiomycota;Agaricomycetes;Agaricales;Amanitaceae;Amanita;Amanita muscaria;BE;Vlaanderen;51,173439;5,535484;2025-10-10T12:41:24;2025;HUMAN_OBSERVATION;iNaturalist;Observations;iNaturalist research-grade observations;cdc,cdround;50c9509d-22c7-4a22-a47d-8c48425ef4a7;28eb1a3f-1c15-4a95-931a-4af90ecb574d;997448a8-f762-11e1-a439-00145eb45e9a;28eb1a3f-1c15-4a95-931a-4af90ecb574d;US;DWC_ARCHIVE;2026-04-17T19:39:17.972+00:00;2026-04-18T08:21:50.720+00:00;589;PRESENT;8168319;5;34;186;1499;4171;6005964;8168319;8168319;Amanita;muscaria;ACCEPTED;2025-10-10T15:35:42;NA;EUROPE;10;10;283;283;2025-10-13T21:29:23.000+00:00;2026-04-18T08:21:50.720+00:00;https://www.inaturalist.org/observations/319972537;http://creativecommons.org/licenses/by/4.0/legalcode;FALSE;319972537;none;none;FALSE;bart klaessens;bart klaessens;WGS84;none;none;EUROPE;Belgium;NORTH_AMERICA;bart klaessens;319972537;bart1980;2025-10-10 12:41:24;Bocholt, 3950 Bocholt, België;5844258783;https://www.inaturalist.org/observations/319972537;48715;wild;319972537;12:41:24+02:00;710339705;Amanita muscaria (L.) Lam.;NA;NA;NA;NA;NA;NA;NA;NA;NA
Amanita muscaria;5844294110;Amanita muscaria (L.) Lam.;Amanita muscaria (L.) Lam.;SPECIES;Fungi;Basidiomycota;Agaricomycetes;Agaricales;Amanitaceae;Amanita;Amanita muscaria;BE;Vlaanderen;51,346667;4,428712;2025-10-11T16:02:47;2025;HUMAN_OBSERVATION;iNaturalist;Observations;iNaturalist research-grade observations;cdc,cdround;50c9509d-22c7-4a22-a47d-8c48425ef4a7;28eb1a3f-1c15-4a95-931a-4af90ecb574d;997448a8-f762-11e1-a439-00145eb45e9a;28eb1a3f-1c15-4a95-931a-4af90ecb574d;US;DWC_ARCHIVE;2026-04-17T19:39:17.972+00:00;2026-04-18T09:55:10.667+00:00;589;PRESENT;8168319;5;34;186;1499;4171;6005964;8168319;8168319;Amanita;muscaria;ACCEPTED;2025-10-11T15:33:53;8;EUROPE;10;11;284;284;2025-10-30T15:50:44.000+00:00;2026-04-18T09:55:10.667+00:00;https://www.inaturalist.org/observations/320179614;http://creativecommons.org/licenses/by-nc/4.0/legalcode;FALSE;320179614;none;none;FALSE;Roald Santens;Roald Santens;WGS84;none;none;EUROPE;Belgium;NORTH_AMERICA;Roald Santens;320179614;roald_santens;2025-10-11 16:02:47;Oude Galgenstraat, Kapellen, Antwerp, BE;5844294110;https://www.inaturalist.org/observations/320179614;48715;wild;320179614;16:02:47+02:00;710763853;Amanita muscaria (L.) Lam.;NA;NA;NA;NA;NA;NA;NA;NA;NA
Amanita muscaria;5844402239;Amanita muscaria (L.) Lam.;Amanita muscaria (L.) Lam.;SPECIES;Fungi;Basidiomycota;Agaricomycetes;Agaricales;Amanitaceae;Amanita;Amanita muscaria;BE;Vlaanderen;51,345274;4,436502;2025-10-11T16:38:02;2025;HUMAN_OBSERVATION;iNaturalist;Observations;iNaturalist research-grade observations;cdc,cdround;50c9509d-22c7-4a22-a47d-8c48425ef4a7;28eb1a3f-1c15-4a95-931a-4af90ecb574d;997448a8-f762-11e1-a439-00145eb45e9a;28eb1a3f-1c15-4a95-931a-4af90ecb574d;US;DWC_ARCHIVE;2026-04-17T19:39:17.972+00:00;2026-04-18T08:09:05.728+00:00;589;PRESENT;8168319;5;34;186;1499;4171;6005964;8168319;8168319;Amanita;muscaria;ACCEPTED;2025-10-11T16:14:59;17;EUROPE;10;11;284;284;2025-10-30T15:50:14.000+00:00;2026-04-18T08:09:05.728+00:00;https://www.inaturalist.org/observations/320188415;http://creativecommons.org/licenses/by-nc/4.0/legalcode;FALSE;320188415;none;none;FALSE;Roald Santens;Roald Santens;WGS84;none;none;EUROPE;Belgium;NORTH_AMERICA;Roald Santens;320188415;roald_santens;2025-10-11 16:38:02;Antwerpen, Vlaanderen, BE;5844402239;https://www.inaturalist.org/observations/320188415;48715;wild;320188415;16:38:02+02:00;710780667;Amanita muscaria (L.) Lam.;NA;NA;NA;NA;NA;NA;NA;NA;NA
Amanita muscaria;5844468138;Amanita muscaria (L.) Lam.;Amanita muscaria (L.) Lam.;SPECIES;Fungi;Basidiomycota;Agaricomycetes;Agaricales;Amanitaceae;Amanita;Amanita muscaria;BE;Vlaanderen;50,925825;5,380724;2025-10-09T16:11;2025;HUMAN_OBSERVATION;iNaturalist;Observations;iNaturalist research-grade observations;cdc,cdround;50c9509d-22c7-4a22-a47d-8c48425ef4a7;28eb1a3f-1c15-4a95-931a-4af90ecb574d;997448a8-f762-11e1-a439-00145eb45e9a;28eb1a3f-1c15-4a95-931a-4af90ecb574d;US;DWC_ARCHIVE;2026-04-17T19:39:17.972+00:00;2026-04-18T09:55:00.168+00:00;589;PRESENT;8168319;5;34;186;1499;4171;6005964;8168319;8168319;Amanita;muscaria;ACCEPTED;2025-10-09T21:53:33;4;EUROPE;10;9;282;282;2025-11-04T15:02:05.000+00:00;2026-04-18T09:55:00.168+00:00;https://www.inaturalist.org/observations/319844635;http://creativecommons.org/licenses/by-nc/4.0/legalcode;FALSE;319844635;none;none;FALSE;Frederik Lerouge;Frederik Lerouge;WGS84;none;none;EUROPE;Belgium;NORTH_AMERICA;Frederik Lerouge;319844635;frederikl;2025/10/09 16:11;Diepenbeek, 3590 Diepenbeek, België;5844468138;https://www.inaturalist.org/observations/319844635;48715;wild;319844635;16:11:00+02:00;710060417;Amanita muscaria (L.) Lam.;NA;NA;NA;NA;NA;NA;NA;NA;NA
Amanita muscaria;5844554997;Amanita muscaria (L.) Lam.;Amanita muscaria (L.) Lam.;SPECIES;Fungi;Basidiomycota;Agaricomycetes;Agaricales;Amanitaceae;Amanita;Amanita muscaria;BE;Vlaanderen;50,926986;5,380498;2025-10-09T15:56;2025;HUMAN_OBSERVATION;iNaturalist;Observations;iNaturalist research-grade observations;cdc,cdround;50c9509d-22c7-4a22-a47d-8c48425ef4a7;28eb1a3f-1c15-4a95-931a-4af90ecb574d;997448a8-f762-11e1-a439-00145eb45e9a;28eb1a3f-1c15-4a95-931a-4af90ecb574d;US;DWC_ARCHIVE;2026-04-17T19:39:17.972+00:00;2026-04-18T09:55:02.776+00:00;589;PRESENT;8168319;5;34;186;1499;4171;6005964;8168319;8168319;Amanita;muscaria;ACCEPTED;2025-10-09T21:53:33;8;EUROPE;10;9;282;282;2025-11-04T15:02:07.000+00:00;2026-04-18T09:55:02.776+00:00;https://www.inaturalist.org/observations/319844632;http://creativecommons.org/licenses/by-nc/4.0/legalcode;FALSE;319844632;none;none;FALSE;Frederik Lerouge;Frederik Lerouge;WGS84;none;none;EUROPE;Belgium;NORTH_AMERICA;Frederik Lerouge;319844632;frederikl;2025/10/09 15:56;Diepenbeek, 3590 Diepenbeek, België;5844554997;https://www.inaturalist.org/observations/319844632;48715;wild;319844632;15:56:00+02:00;710060413;Amanita muscaria (L.) Lam.;NA;NA;NA;NA;NA;NA;NA;NA;NA
Amanita muscaria;5844649311;Amanita muscaria (L.) Lam.;Amanita muscaria (L.) Lam.;SPECIES;Fungi;Basidiomycota;Agaricomycetes;Agaricales;Amanitaceae;Amanita;Amanita muscaria;BE;Vlaanderen;51,323247;4,903788;2025-10-11T13:42:07;2025;HUMAN_OBSERVATION;iNaturalist;Observations;iNaturalist research-grade observations;cdc,cdround;50c9509d-22c7-4a22-a47d-8c48425ef4a7;28eb1a3f-1c15-4a95-931a-4af90ecb574d;997448a8-f762-11e1-a439-00145eb45e9a;28eb1a3f-1c15-4a95-931a-4af90ecb574d;US;DWC_ARCHIVE;2026-04-17T19:39:17.972+00:00;2026-04-18T11:13:58.223+00:00;589;PRESENT;8168319;5;34;186;1499;4171;6005964;8168319;8168319;Amanita;muscaria;ACCEPTED;2025-10-11T12:21:30;3;EUROPE;10;11;284;284;2025-11-07T16:26:23.000+00:00;2026-04-18T11:13:58.223+00:00;https://www.inaturalist.org/observations/320143288;http://creativecommons.org/licenses/by-nc/4.0/legalcode;FALSE;320143288;none;none;FALSE;Max Devis;Max Devis;WGS84;none;none;EUROPE;Belgium;NORTH_AMERICA;Max Devis;320143288;max_devis;2025-10-11 13:42:07+02:00;Oude Beersebaan, Turnhout, Antwerp, BE;5844649311;https://www.inaturalist.org/observations/320143288;48715;wild;320143288;13:42:07+02:00;710697731;Amanita muscaria (L.) Lam.;NA;NA;NA;NA;NA;NA;NA;NA;NA
Amanita muscaria;5867730041;Amanita muscaria (L.) Lam.;Amanita muscaria (L.) Lam.;SPECIES;Fungi;Basidiomycota;Agaricomycetes;Agaricales;Amanitaceae;Amanita;Amanita muscaria;BE;Vlaanderen;51,210893;5,122418;2025-10-18T14:29:59;2025;HUMAN_OBSERVATION;iNaturalist;Observations;iNaturalist research-grade observations;cdc,cdround;50c9509d-22c7-4a22-a47d-8c48425ef4a7;28eb1a3f-1c15-4a95-931a-4af90ecb574d;997448a8-f762-11e1-a439-00145eb45e9a;28eb1a3f-1c15-4a95-931a-4af90ecb574d;US;DWC_ARCHIVE;2026-04-17T19:39:17.972+00:00;2026-04-18T11:14:13.698+00:00;589;PRESENT;8168319;5;34;186;1499;4171;6005964;8168319;8168319;Amanita;muscaria;ACCEPTED;2025-10-18T12:30:28;6;EUROPE;10;18;291;291;2025-11-06T17:36:28.000+00:00;2026-04-18T11:14:13.698+00:00;https://www.inaturalist.org/observations/321594002;http://creativecommons.org/licenses/by-nc/4.0/legalcode;FALSE;321594002;none;none;FALSE;Sebastiaan Voorderhake;Sebastiaan Voorderhake;WGS84;none;none;EUROPE;Belgium;NORTH_AMERICA;Sebastiaan Voorderhake;321594002;sebastiaan6039;2025-10-18 14:29:59;2400 Mol, België;5867730041;https://www.inaturalist.org/observations/321594002;48715;wild;321594002;14:29:59+02:00;713870299;Amanita muscaria (L.) Lam.;NA;NA;NA;NA;NA;NA;NA;NA;NA
Amanita muscaria;5867946386;Amanita muscaria (L.) Lam.;Amanita muscaria (L.) Lam.;SPECIES;Fungi;Basidiomycota;Agaricomycetes;Agaricales;Amanitaceae;Amanita;Amanita muscaria;BE;Vlaanderen;51,233023;5,104501;2025-10-16T11:10;2025;HUMAN_OBSERVATION;iNaturalist;Observations;iNaturalist research-grade observations;cdc,cdround;50c9509d-22c7-4a22-a47d-8c48425ef4a7;28eb1a3f-1c15-4a95-931a-4af90ecb574d;997448a8-f762-11e1-a439-00145eb45e9a;28eb1a3f-1c15-4a95-931a-4af90ecb574d;US;DWC_ARCHIVE;2026-04-17T19:39:17.972+00:00;2026-04-18T11:14:09.887+00:00;589;PRESENT;8168319;5;34;186;1499;4171;6005964;8168319;8168319;Amanita;muscaria;ACCEPTED;2025-10-16T18:56:28;NA;EUROPE;10;16;289;289;2025-10-27T21:56:36.000+00:00;2026-04-18T11:14:09.887+00:00;https://www.inaturalist.org/observations/321278904;http://creativecommons.org/licenses/by-nc/4.0/legalcode;FALSE;321278904;none;none;FALSE;Frederik Lerouge;Frederik Lerouge;WGS84;none;none;EUROPE;Belgium;NORTH_AMERICA;Frederik Lerouge;321278904;frederikl;2025/10/16 11:10;Dessel, 2480 Dessel, België;5867946386;https://www.inaturalist.org/observations/321278904;48715;wild;321278904;11:10:00+02:00;713130922;Amanita muscaria (L.) Lam.;NA;NA;NA;NA;NA;NA;NA;NA;NA
Amanita muscaria;5868045105;Amanita muscaria (L.) Lam.;Amanita muscaria (L.) Lam.;SPECIES;Fungi;Basidiomycota;Agaricomycetes;Agaricales;Amanitaceae;Amanita;Amanita muscaria;BE;Vlaanderen;51,151958;3,870915;2025-10-12T16:00:57;2025;HUMAN_OBSERVATION;iNaturalist;Observations;iNaturalist research-grade observations;cdc,cdround;50c9509d-22c7-4a22-a47d-8c48425ef4a7;28eb1a3f-1c15-4a95-931a-4af90ecb574d;997448a8-f762-11e1-a439-00145eb45e9a;28eb1a3f-1c15-4a95-931a-4af90ecb574d;US;DWC_ARCHIVE;2026-04-17T19:39:17.972+00:00;2026-04-18T11:13:59.242+00:00;589;PRESENT;8168319;5;34;186;1499;4171;6005964;8168319;8168319;Amanita;muscaria;ACCEPTED;2025-10-15T19:54:30;3;EUROPE;10;12;285;285;2025-10-30T15:45:34.000+00:00;2026-04-18T11:13:59.242+00:00;https://www.inaturalist.org/observations/320403236;http://creativecommons.org/licenses/by-nc/4.0/legalcode;FALSE;320403236;none;none;FALSE;neefke365;Michel Langeveld;WGS84;none;none;EUROPE;Belgium;NORTH_AMERICA;neefke365;320403236;neefke365;2025-10-12 16:00:57;Wachtebeke Domein Puyenbroeck P1, 9185 Lochristi, België;5868045105;https://www.inaturalist.org/observations/320403236;48715;wild;320403236;16:00:57+02:00;712732348;Amanita muscaria (L.) Lam.;NA;NA;NA;NA;NA;NA;NA;NA;NA
Amanita muscaria;5868068711;Amanita muscaria (L.) Lam.;Amanita muscaria (L.) Lam.;SPECIES;Fungi;Basidiomycota;Agaricomycetes;Agaricales;Amanitaceae;Amanita;Amanita muscaria;BE;Vlaanderen;51,268950;4,708178;2025-10-16T18:37:59;2025;HUMAN_OBSERVATION;iNaturalist;Observations;iNaturalist research-grade observations;cdc,cdround;50c9509d-22c7-4a22-a47d-8c48425ef4a7;28eb1a3f-1c15-4a95-931a-4af90ecb574d;997448a8-f762-11e1-a439-00145eb45e9a;28eb1a3f-1c15-4a95-931a-4af90ecb574d;US;DWC_ARCHIVE;2026-04-17T19:39:17.972+00:00;2026-04-18T10:12:13.554+00:00;589;PRESENT;8168319;5;34;186;1499;4171;6005964;8168319;8168319;Amanita;muscaria;ACCEPTED;2025-10-18T22:03:57;NA;EUROPE;10;16;289;289;2025-10-20T07:37:59.000+00:00;2026-04-18T10:12:13.554+00:00;https://www.inaturalist.org/observations/321709205;http://creativecommons.org/licenses/by-nc/4.0/legalcode;FALSE;321709205;none;none;FALSE;GrungeDimi;GrungeDimi;WGS84;none;none;EUROPE;Belgium;NORTH_AMERICA;GrungeDimi;321709205;grungedimi;2025-10-16 18:37:59;Zoersel, 2980 Zoersel, Belgium;5868068711;https://www.inaturalist.org/observations/321709205;48715;wild;321709205;18:37:59+02:00;714144040;Amanita muscaria (L.) Lam.;NA;NA;NA;NA;NA;NA;NA;NA;NA
Amanita muscaria;5868216698;Amanita muscaria (L.) Lam.;Amanita muscaria (L.) Lam.;SPECIES;Fungi;Basidiomycota;Agaricomycetes;Agaricales;Amanitaceae;Amanita;Amanita muscaria;BE;Vlaanderen;50,999628;4,207304;2025-10-16T11:41:17;2025;HUMAN_OBSERVATION;iNaturalist;Observations;iNaturalist research-grade observations;cdc,cdround;50c9509d-22c7-4a22-a47d-8c48425ef4a7;28eb1a3f-1c15-4a95-931a-4af90ecb574d;997448a8-f762-11e1-a439-00145eb45e9a;28eb1a3f-1c15-4a95-931a-4af90ecb574d;US;DWC_ARCHIVE;2026-04-17T19:39:17.972+00:00;2026-04-18T09:55:34.962+00:00;589;PRESENT;8168319;5;34;186;1499;4171;6005964;8168319;8168319;Amanita;muscaria;ACCEPTED;2025-10-16T17:36:00;NA;EUROPE;10;16;289;289;2025-10-18T15:55:15.000+00:00;2026-04-18T09:55:34.962+00:00;https://www.inaturalist.org/observations/321264428;http://creativecommons.org/licenses/by-nc/4.0/legalcode;FALSE;321264428;none;none;FALSE;skulldebull;skulldebull;WGS84;none;none;EUROPE;Belgium;NORTH_AMERICA;skulldebull;321264428;skulldebull;2025-10-16 11:41:17;Buggenhout, 9255 Buggenhout, België;5868216698;https://www.inaturalist.org/observations/321264428;48715;wild;321264428;11:41:17+02:00;713097733;Amanita muscaria (L.) Lam.;NA;NA;NA;NA;NA;NA;NA;NA;NA
Amanita muscaria;5868241733;Amanita muscaria (L.) Lam.;Amanita muscaria (L.) Lam.;SPECIES;Fungi;Basidiomycota;Agaricomycetes;Agaricales;Amanitaceae;Amanita;Amanita muscaria;BE;Vlaanderen;51,269003;4,708219;2025-10-16T18:37:36;2025;HUMAN_OBSERVATION;iNaturalist;Observations;iNaturalist research-grade observations;cdc,cdround;50c9509d-22c7-4a22-a47d-8c48425ef4a7;28eb1a3f-1c15-4a95-931a-4af90ecb574d;997448a8-f762-11e1-a439-00145eb45e9a;28eb1a3f-1c15-4a95-931a-4af90ecb574d;US;DWC_ARCHIVE;2026-04-17T19:39:17.972+00:00;2026-04-18T11:14:16.034+00:00;589;PRESENT;8168319;5;34;186;1499;4171;6005964;8168319;8168319;Amanita;muscaria;ACCEPTED;2025-10-18T22:04:34;NA;EUROPE;10;16;289;289;2025-10-20T07:37:52.000+00:00;2026-04-18T11:14:16.034+00:00;https://www.inaturalist.org/observations/321709310;http://creativecommons.org/licenses/by-nc/4.0/legalcode;FALSE;321709310;none;none;FALSE;GrungeDimi;GrungeDimi;WGS84;none;none;EUROPE;Belgium;NORTH_AMERICA;GrungeDimi;321709310;grungedimi;2025-10-16 18:37:36;Zoersel, 2980 Zoersel, Belgium;5868241733;https://www.inaturalist.org/observations/321709310;48715;wild;321709310;18:37:36+02:00;714144271;Amanita muscaria (L.) Lam.;NA;NA;NA;NA;NA;NA;NA;NA;NA
Amanita muscaria;5868303405;Amanita muscaria (L.) Lam.;Amanita muscaria (L.) Lam.;SPECIES;Fungi;Basidiomycota;Agaricomycetes;Agaricales;Amanitaceae;Amanita;Amanita muscaria;BE;Vlaanderen;51,142655;3,760434;2025-10-19T14:32:59;2025;HUMAN_OBSERVATION;iNaturalist;Observations;iNaturalist research-grade observations;cdc,cdround;50c9509d-22c7-4a22-a47d-8c48425ef4a7;28eb1a3f-1c15-4a95-931a-4af90ecb574d;997448a8-f762-11e1-a439-00145eb45e9a;28eb1a3f-1c15-4a95-931a-4af90ecb574d;US;DWC_ARCHIVE;2026-04-17T19:39:17.972+00:00;2026-04-18T08:09:28.234+00:00;589;PRESENT;8168319;5;34;186;1499;4171;6005964;8168319;8168319;Amanita;muscaria;ACCEPTED;2025-10-19T12:33:14;14;EUROPE;10;19;292;292;2025-10-20T07:44:47.000+00:00;2026-04-18T08:09:28.234+00:00;https://www.inaturalist.org/observations/321821363;http://creativecommons.org/licenses/by-nc/4.0/legalcode;FALSE;321821363;none;none;FALSE;Katrien Vanderstraeten;Katrien Vanderstraeten;WGS84;none;none;EUROPE;Belgium;NORTH_AMERICA;Katrien Vanderstraeten;321821363;katrien_vanderstraeten;2025-10-19 14:32:59;Abdijdreef, Evergem, East Flanders, BE;5868303405;https://www.inaturalist.org/observations/321821363;48715;wild;321821363;14:32:59+02:00;714399192;Amanita muscaria (L.) Lam.;NA;NA;NA;NA;NA;NA;NA;NA;NA
Amanita muscaria;5868418481;Amanita muscaria (L.) Lam.;Amanita muscaria (L.) Lam.;SPECIES;Fungi;Basidiomycota;Agaricomycetes;Agaricales;Amanitaceae;Amanita;Amanita muscaria;BE;Vlaanderen;50,807045;4,525895;2025-10-19T16:22:12;2025;HUMAN_OBSERVATION;iNaturalist;Observations;iNaturalist research-grade observations;cdc;50c9509d-22c7-4a22-a47d-8c48425ef4a7;28eb1a3f-1c15-4a95-931a-4af90ecb574d;997448a8-f762-11e1-a439-00145eb45e9a;28eb1a3f-1c15-4a95-931a-4af90ecb574d;US;DWC_ARCHIVE;2026-04-17T19:39:17.972+00:00;2026-04-18T09:55:42.443+00:00;589;PRESENT;8168319;5;34;186;1499;4171;6005964;8168319;8168319;Amanita;muscaria;ACCEPTED;2025-10-19T19:48:00;17;EUROPE;10;19;292;292;2025-10-20T07:39:17.000+00:00;2026-04-18T09:55:42.443+00:00;https://www.inaturalist.org/observations/321906639;http://creativecommons.org/licenses/by-nc/4.0/legalcode;FALSE;321906639;none;none;FALSE;munstie;munstie;WGS84;none;none;EUROPE;Belgium;NORTH_AMERICA;munstie;321906639;munstie;2025-10-19 16:22:12+02:00;Kapucijnenbos, Tervuren, Brabant flamand, BE;5868418481;https://www.inaturalist.org/observations/321906639;48715;wild;321906639;16:22:12+02:00;714569509;Amanita muscaria (L.) Lam.;NA;NA;NA;NA;NA;NA;NA;NA;NA
Amanita muscaria;5889610238;Amanita muscaria (L.) Lam.;Amanita muscaria (L.) Lam.;SPECIES;Fungi;Basidiomycota;Agaricomycetes;Agaricales;Amanitaceae;Amanita;Amanita muscaria;BE;Vlaanderen;50,762433;3,637801;2025-10-21T18:03:44;2025;HUMAN_OBSERVATION;iNaturalist;Observations;iNaturalist research-grade observations;cdc,cdround;50c9509d-22c7-4a22-a47d-8c48425ef4a7;28eb1a3f-1c15-4a95-931a-4af90ecb574d;997448a8-f762-11e1-a439-00145eb45e9a;28eb1a3f-1c15-4a95-931a-4af90ecb574d;US;DWC_ARCHIVE;2026-04-17T19:39:17.972+00:00;2026-04-18T09:56:04.237+00:00;589;PRESENT;8168319;5;34;186;1499;4171;6005964;8168319;8168319;Amanita;muscaria;ACCEPTED;2025-10-22T06:16:02;NA;EUROPE;10;21;294;294;2025-12-07T11:44:28.000+00:00;2026-04-18T09:56:04.237+00:00;https://www.inaturalist.org/observations/322362422;http://creativecommons.org/licenses/by/4.0/legalcode;FALSE;322362422;none;none;FALSE;CaracalShan;CaracalShan;WGS84;none;none;EUROPE;Belgium;NORTH_AMERICA;CaracalShan;322362422;caracalshan;2025-10-21 18:03:44;9600 Ronse, België;5889610238;https://www.inaturalist.org/observations/322362422;48715;wild;322362422;18:03:44+02:00;715673566;Amanita muscaria (L.) Lam.;NA;NA;NA;NA;NA;NA;NA;NA;NA
Amanita muscaria;5889627094;Amanita muscaria (L.) Lam.;Amanita muscaria (L.) Lam.;SPECIES;Fungi;Basidiomycota;Agaricomycetes;Agaricales;Amanitaceae;Amanita;Amanita muscaria;BE;Vlaanderen;51,088413;5,651047;2025-10-18T11:29:12;2025;HUMAN_OBSERVATION;iNaturalist;Observations;iNaturalist research-grade observations;cdc,cdround;50c9509d-22c7-4a22-a47d-8c48425ef4a7;28eb1a3f-1c15-4a95-931a-4af90ecb574d;997448a8-f762-11e1-a439-00145eb45e9a;28eb1a3f-1c15-4a95-931a-4af90ecb574d;US;DWC_ARCHIVE;2026-04-17T19:39:17.972+00:00;2026-04-18T09:56:02.325+00:00;589;PRESENT;8168319;5;34;186;1499;4171;6005964;8168319;8168319;Amanita;muscaria;ACCEPTED;2025-10-22T11:43:47;NA;EUROPE;10;18;291;291;2025-10-24T14:06:02.000+00:00;2026-04-18T09:56:02.325+00:00;https://www.inaturalist.org/observations/322388323;http://creativecommons.org/licenses/by-nc/4.0/legalcode;FALSE;322388323;none;none;FALSE;doorme;doorme;WGS84;none;none;EUROPE;Belgium;NORTH_AMERICA;doorme;322388323;doorme;2025-10-18 11:29:12;Gruitrode, 3670 Oudsbergen, België;5889627094;https://www.inaturalist.org/observations/322388323;48715;wild;322388323;11:29:12+02:00;715761626;Amanita muscaria (L.) Lam.;NA;NA;NA;NA;NA;NA;NA;NA;NA
Amanita muscaria;5889689364;Amanita muscaria (L.) Lam.;Amanita muscaria (L.) Lam.;SPECIES;Fungi;Basidiomycota;Agaricomycetes;Agaricales;Amanitaceae;Amanita;Amanita muscaria;BE;Vlaanderen;50,872948;4,617767;2025-10-26T09:18:23;2025;HUMAN_OBSERVATION;iNaturalist;Observations;iNaturalist research-grade observations;cdc,cdround;50c9509d-22c7-4a22-a47d-8c48425ef4a7;28eb1a3f-1c15-4a95-931a-4af90ecb574d;997448a8-f762-11e1-a439-00145eb45e9a;28eb1a3f-1c15-4a95-931a-4af90ecb574d;US;DWC_ARCHIVE;2026-04-17T19:39:17.972+00:00;2026-04-18T08:09:47.060+00:00;589;PRESENT;8168319;5;34;186;1499;4171;6005964;8168319;8168319;Amanita;muscaria;ACCEPTED;2025-10-26T09:00:01;3;EUROPE;10;26;299;299;2026-02-21T04:05:08.000+00:00;2026-04-18T08:09:47.060+00:00;https://www.inaturalist.org/observations/323157641;http://creativecommons.org/licenses/by-nc/4.0/legalcode;FALSE;323157641;none;none;FALSE;BrunoG;BrunoG;WGS84;none;none;EUROPE;Belgium;NORTH_AMERICA;BrunoG;323157641;brunogilis;2025-10-26 09:18:23;Vlaams Brabant, Vlaanderen, BE;5889689364;https://www.inaturalist.org/observations/323157641;48715;wild;323157641;09:18:23+01:00;717508582;Amanita muscaria (L.) Lam.;NA;NA;NA;NA;NA;NA;NA;NA;NA
Amanita muscaria;5889950559;Amanita muscaria (L.) Lam.;Amanita muscaria (L.) Lam.;SPECIES;Fungi;Basidiomycota;Agaricomycetes;Agaricales;Amanitaceae;Amanita;Amanita muscaria;BE;Vlaanderen;51,269164;4,708889;2025-10-24T14:31:37;2025;HUMAN_OBSERVATION;iNaturalist;Observations;iNaturalist research-grade observations;cdc,cdround;50c9509d-22c7-4a22-a47d-8c48425ef4a7;28eb1a3f-1c15-4a95-931a-4af90ecb574d;997448a8-f762-11e1-a439-00145eb45e9a;28eb1a3f-1c15-4a95-931a-4af90ecb574d;US;DWC_ARCHIVE;2026-04-17T19:39:17.972+00:00;2026-04-18T11:14:35.265+00:00;589;PRESENT;8168319;5;34;186;1499;4171;6005964;8168319;8168319;Amanita;muscaria;ACCEPTED;2025-10-26T12:20:35;NA;EUROPE;10;24;297;297;2026-02-21T04:04:42.000+00:00;2026-04-18T11:14:35.265+00:00;https://www.inaturalist.org/observations/323186511;http://creativecommons.org/licenses/by-nc/4.0/legalcode;FALSE;323186511;none;none;FALSE;GrungeDimi;GrungeDimi;WGS84;none;none;EUROPE;Belgium;NORTH_AMERICA;GrungeDimi;323186511;grungedimi;2025-10-24 14:31:37;Zoersel Pastorijstraat, 2980 Zoersel, Belgium;5889950559;https://www.inaturalist.org/observations/323186511;48715;wild;323186511;14:31:37+02:00;717564159;Amanita muscaria (L.) Lam.;NA;NA;NA;NA;NA;NA;NA;NA;NA
Amanita muscaria;5890037495;Amanita muscaria (L.) Lam.;Amanita muscaria (L.) Lam.;SPECIES;Fungi;Basidiomycota;Agaricomycetes;Agaricales;Amanitaceae;Amanita;Amanita muscaria;BE;Vlaanderen;51,067797;3,705513;2025-10-29T13:07:46;2025;HUMAN_OBSERVATION;iNaturalist;Observations;iNaturalist research-grade observations;cdc,cdround;50c9509d-22c7-4a22-a47d-8c48425ef4a7;28eb1a3f-1c15-4a95-931a-4af90ecb574d;997448a8-f762-11e1-a439-00145eb45e9a;28eb1a3f-1c15-4a95-931a-4af90ecb574d;US;DWC_ARCHIVE;2026-04-17T19:39:17.972+00:00;2026-04-18T08:10:03.446+00:00;589;PRESENT;8168319;5;34;186;1499;4171;6005964;8168319;8168319;Amanita;muscaria;ACCEPTED;2025-10-31T14:52:21;NA;EUROPE;10;29;302;302;2026-02-02T22:29:31.000+00:00;2026-04-18T08:10:03.446+00:00;https://www.inaturalist.org/observations/324162180;http://creativecommons.org/licenses/by-nc/4.0/legalcode;FALSE;324162180;none;none;FALSE;Thibault;Thibault;WGS84;none;none;EUROPE;Belgium;NORTH_AMERICA;Thibault;324162180;titiavi;2025-10-29 13:07:46;Oost-Vlaanderen, Vlaanderen, BE;5890037495;https://www.inaturalist.org/observations/324162180;48715;wild;324162180;13:07:46+01:00;719958737;Amanita muscaria (L.) Lam.;NA;NA;NA;NA;NA;NA;NA;NA;NA
Amanita muscaria;5890173292;Amanita muscaria (L.) Lam.;Amanita muscaria (L.) Lam.;SPECIES;Fungi;Basidiomycota;Agaricomycetes;Agaricales;Amanitaceae;Amanita;Amanita muscaria;BE;Vlaanderen;50,767773;3,713789;2025-10-25T19:12:54;2025;HUMAN_OBSERVATION;iNaturalist;Observations;iNaturalist research-grade observations;cdc,cdround;50c9509d-22c7-4a22-a47d-8c48425ef4a7;28eb1a3f-1c15-4a95-931a-4af90ecb574d;997448a8-f762-11e1-a439-00145eb45e9a;28eb1a3f-1c15-4a95-931a-4af90ecb574d;US;DWC_ARCHIVE;2026-04-17T19:39:17.972+00:00;2026-04-18T08:10:13.124+00:00;589;PRESENT;8168319;5;34;186;1499;4171;6005964;8168319;8168319;Amanita;muscaria;ACCEPTED;2025-10-25T18:46:02;NA;EUROPE;10;25;298;298;2025-12-07T11:42:03.000+00:00;2026-04-18T08:10:13.124+00:00;https://www.inaturalist.org/observations/323026002;http://creativecommons.org/licenses/by/4.0/legalcode;FALSE;323026002;none;none;FALSE;CaracalShan;CaracalShan;WGS84;none;none;EUROPE;Belgium;NORTH_AMERICA;CaracalShan;323026002;caracalshan;2025-10-25 18:12:54;Flobecq, 7880 Flobecq, België;5890173292;https://www.inaturalist.org/observations/323026002;48715;wild;323026002;19:12:54+02:00;717237544;Amanita muscaria (L.) Lam.;NA;NA;NA;NA;NA;NA;NA;NA;NA
Amanita muscaria;5897280288;Amanita muscaria (L.) Lam.;Amanita muscaria (L.) Lam.;SPECIES;Fungi;Basidiomycota;Agaricomycetes;Agaricales;Amanitaceae;Amanita;Amanita muscaria;BE;Vlaanderen;50,766872;4,453643;2025-10-29T12:39:50;2025;HUMAN_OBSERVATION;iNaturalist;Observations;iNaturalist research-grade observations;cdc,cdround;50c9509d-22c7-4a22-a47d-8c48425ef4a7;28eb1a3f-1c15-4a95-931a-4af90ecb574d;997448a8-f762-11e1-a439-00145eb45e9a;28eb1a3f-1c15-4a95-931a-4af90ecb574d;US;DWC_ARCHIVE;2026-04-17T19:39:17.972+00:00;2026-04-18T08:10:47.553+00:00;589;PRESENT;8168319;5;34;186;1499;4171;6005964;8168319;8168319;Amanita;muscaria;ACCEPTED;2025-11-18T23:06:51;11;EUROPE;10;29;302;302;2026-02-02T22:22:45.000+00:00;2026-04-18T08:10:47.553+00:00;https://www.inaturalist.org/observations/327175626;http://creativecommons.org/licenses/by-nc/4.0/legalcode;FALSE;327175626;none;none;FALSE;Amaury Vanlaer;Amaury Vanlaer;WGS84;none;none;EUROPE;Belgium;NORTH_AMERICA;Amaury Vanlaer;327175626;papymaury;2025-10-29 12:39:50;1560 Hoeilaart, Belgique;5897280288;https://www.inaturalist.org/observations/327175626;48715;wild;327175626;12:39:50+01:00;727848271;Amanita muscaria (L.) Lam.;NA;NA;NA;NA;3771,25282944893;NA;NA;NA;NA
Amanita muscaria;5920043320;Amanita muscaria (L.) Lam.;Amanita muscaria (L.) Lam.;SPECIES;Fungi;Basidiomycota;Agaricomycetes;Agaricales;Amanitaceae;Amanita;Amanita muscaria;BE;Vlaanderen;51,088379;5,651033;2025-10-18T11:29:29;2025;HUMAN_OBSERVATION;iNaturalist;Observations;iNaturalist research-grade observations;cdc,cdround;50c9509d-22c7-4a22-a47d-8c48425ef4a7;28eb1a3f-1c15-4a95-931a-4af90ecb574d;997448a8-f762-11e1-a439-00145eb45e9a;28eb1a3f-1c15-4a95-931a-4af90ecb574d;US;DWC_ARCHIVE;2026-04-17T19:39:17.972+00:00;2026-04-18T08:09:38.604+00:00;589;PRESENT;8168319;5;34;186;1499;4171;6005964;8168319;8168319;Amanita;muscaria;ACCEPTED;2025-10-22T11:44:27;NA;EUROPE;10;18;291;291;2025-12-06T20:53:30.000+00:00;2026-04-18T08:09:38.604+00:00;https://www.inaturalist.org/observations/322388502;http://creativecommons.org/licenses/by-nc/4.0/legalcode;FALSE;322388502;none;none;FALSE;doorme;doorme;WGS84;none;none;EUROPE;Belgium;NORTH_AMERICA;doorme;322388502;doorme;2025-10-18 11:29:29;Gruitrode, 3670 Oudsbergen, België;5920043320;https://www.inaturalist.org/observations/322388502;48715;wild;322388502;11:29:29+02:00;715761930;Amanita muscaria (L.) Lam.;NA;NA;NA;NA;NA;NA;NA;NA;NA
Amanita muscaria;5920302145;Amanita muscaria (L.) Lam.;Amanita muscaria (L.) Lam.;SPECIES;Fungi;Basidiomycota;Agaricomycetes;Agaricales;Amanitaceae;Amanita;Amanita muscaria;BE;Vlaanderen;51,200680;4,746431;2025-10-17T13:14:53;2025;HUMAN_OBSERVATION;iNaturalist;Observations;iNaturalist research-grade observations;cdc,cdround;50c9509d-22c7-4a22-a47d-8c48425ef4a7;28eb1a3f-1c15-4a95-931a-4af90ecb574d;997448a8-f762-11e1-a439-00145eb45e9a;28eb1a3f-1c15-4a95-931a-4af90ecb574d;US;DWC_ARCHIVE;2026-04-17T19:39:17.972+00:00;2026-04-18T08:11:33.350+00:00;589;PRESENT;8168319;5;34;186;1499;4171;6005964;8168319;8168319;Amanita;muscaria;ACCEPTED;2025-10-17T11:15:01;6;EUROPE;10;17;290;290;2026-01-23T15:27:45.000+00:00;2026-04-18T08:11:33.350+00:00;https://www.inaturalist.org/observations/321387457;http://creativecommons.org/licenses/by-nc/4.0/legalcode;FALSE;321387457;none;none;FALSE;freshfruitv;freshfruitv;WGS84;none;none;EUROPE;Belgium;NORTH_AMERICA;freshfruitv;321387457;freshfruitv;Fri Oct 17 2025 13:14:53 GMT +0200 (GMT+2);Grobbendonk;5920302145;https://www.inaturalist.org/observations/321387457;48715;wild;321387457;13:14:53+02:00;713385125;Amanita muscaria (L.) Lam.;NA;NA;NA;NA;NA;NA;NA;NA;NA
Amanita muscaria;5938135698;Amanita muscaria (L.) Lam.;Amanita muscaria (L.) Lam.;SPECIES;Fungi;Basidiomycota;Agaricomycetes;Agaricales;Amanitaceae;Amanita;Amanita muscaria;BE;Vlaanderen;50,864365;4,717418;2025-10-07T11:48:48;2025;HUMAN_OBSERVATION;iNaturalist;Observations;iNaturalist research-grade observations;cdc,cdround;50c9509d-22c7-4a22-a47d-8c48425ef4a7;28eb1a3f-1c15-4a95-931a-4af90ecb574d;997448a8-f762-11e1-a439-00145eb45e9a;28eb1a3f-1c15-4a95-931a-4af90ecb574d;US;DWC_ARCHIVE;2026-04-17T19:39:17.972+00:00;2026-04-18T08:09:18.807+00:00;589;PRESENT;8168319;5;34;186;1499;4171;6005964;8168319;8168319;Amanita;muscaria;ACCEPTED;2025-10-07T09:54:12;141;EUROPE;10;7;280;280;2026-01-03T21:31:38.000+00:00;2026-04-18T08:09:18.807+00:00;https://www.inaturalist.org/observations/319331438;http://creativecommons.org/licenses/by-nc/4.0/legalcode;FALSE;319331438;none;none;FALSE;Bernd De Bosscher;Bernd De Bosscher;WGS84;none;none;EUROPE;Belgium;NORTH_AMERICA;Bernd De Bosscher;319331438;biology_student_belgium;2025-10-07 11:48:48;Abdij van Park;5938135698;https://www.inaturalist.org/observations/319331438;48715;wild;319331438;11:48:48+02:00;708910673;Amanita muscaria (L.) Lam.;NA;NA;NA;NA;NA;NA;NA;NA;NA
Amanita muscaria;5938271461;Amanita muscaria (L.) Lam.;Amanita muscaria (L.) Lam.;SPECIES;Fungi;Basidiomycota;Agaricomycetes;Agaricales;Amanitaceae;Amanita;Amanita muscaria;BE;Vlaanderen;51,241866;4,606672;2025-10-13T10:42:17;2025;HUMAN_OBSERVATION;iNaturalist;Observations;iNaturalist research-grade observations;cdc,cdround;50c9509d-22c7-4a22-a47d-8c48425ef4a7;28eb1a3f-1c15-4a95-931a-4af90ecb574d;997448a8-f762-11e1-a439-00145eb45e9a;28eb1a3f-1c15-4a95-931a-4af90ecb574d;US;DWC_ARCHIVE;2026-04-17T19:39:17.972+00:00;2026-04-18T11:16:53.099+00:00;589;PRESENT;8168319;5;34;186;1499;4171;6005964;8168319;8168319;Amanita;muscaria;ACCEPTED;2026-01-03T08:39:58;17;EUROPE;10;13;286;286;2026-01-17T23:38:06.000+00:00;2026-04-18T11:16:53.099+00:00;https://www.inaturalist.org/observations/333153409;http://creativecommons.org/licenses/by-nc/4.0/legalcode;FALSE;333153409;none;none;FALSE;annaraeves1;Michiel Sytsma;WGS84;none;none;EUROPE;Belgium;NORTH_AMERICA;annaraeves1;333153409;annaraeves1;2025-10-13 10:42:17+02:00;Schilde, Provincie Antwerpen, BE;5938271461;https://www.inaturalist.org/observations/333153409;48715;wild;333153409;10:42:17+02:00;745882274;Amanita muscaria (L.) Lam.;NA;NA;NA;NA;NA;NA;NA;NA;NA
Amanita muscaria;5938273681;Amanita muscaria (L.) Lam.;Amanita muscaria (L.) Lam.;SPECIES;Fungi;Basidiomycota;Agaricomycetes;Agaricales;Amanitaceae;Amanita;Amanita muscaria;BE;Vlaanderen;50,864365;4,717418;2025-10-07T11:48:13;2025;HUMAN_OBSERVATION;iNaturalist;Observations;iNaturalist research-grade observations;cdc,cdround;50c9509d-22c7-4a22-a47d-8c48425ef4a7;28eb1a3f-1c15-4a95-931a-4af90ecb574d;997448a8-f762-11e1-a439-00145eb45e9a;28eb1a3f-1c15-4a95-931a-4af90ecb574d;US;DWC_ARCHIVE;2026-04-17T19:39:17.972+00:00;2026-04-18T11:13:47.000+00:00;589;PRESENT;8168319;5;34;186;1499;4171;6005964;8168319;8168319;Amanita;muscaria;ACCEPTED;2025-10-07T09:55:35;141;EUROPE;10;7;280;280;2026-01-03T21:31:38.000+00:00;2026-04-18T11:13:47.000+00:00;https://www.inaturalist.org/observations/319331545;http://creativecommons.org/licenses/by-nc/4.0/legalcode;FALSE;319331545;none;none;FALSE;Bernd De Bosscher;Bernd De Bosscher;WGS84;none;none;EUROPE;Belgium;NORTH_AMERICA;Bernd De Bosscher;319331545;biology_student_belgium;2025-10-07 11:48:13;Abdij van Park;5938273681;https://www.inaturalist.org/observations/319331545;48715;wild;319331545;11:48:13+02:00;708910947;Amanita muscaria (L.) Lam.;NA;NA;NA;NA;NA;NA;NA;NA;NA
Amanita muscaria;5938609189;Amanita muscaria (L.) Lam.;Amanita muscaria (L.) Lam.;SPECIES;Fungi;Basidiomycota;Agaricomycetes;Agaricales;Amanitaceae;Amanita;Amanita muscaria;BE;Vlaanderen;50,843260;3,322814;2025-10-12T16:18:36;2025;HUMAN_OBSERVATION;iNaturalist;Observations;iNaturalist research-grade observations;cdc,cdround;50c9509d-22c7-4a22-a47d-8c48425ef4a7;28eb1a3f-1c15-4a95-931a-4af90ecb574d;997448a8-f762-11e1-a439-00145eb45e9a;28eb1a3f-1c15-4a95-931a-4af90ecb574d;US;DWC_ARCHIVE;2026-04-17T19:39:17.972+00:00;2026-04-18T09:55:16.945+00:00;589;PRESENT;8168319;5;34;186;1499;4171;6005964;8168319;8168319;Amanita;muscaria;ACCEPTED;2025-10-12T20:17:41;175;EUROPE;10;12;285;285;2026-01-03T21:31:52.000+00:00;2026-04-18T09:55:16.945+00:00;https://www.inaturalist.org/observations/320491066;http://creativecommons.org/licenses/by-nc/4.0/legalcode;FALSE;320491066;none;none;FALSE;Bernd De Bosscher;Bernd De Bosscher;WGS84;none;none;EUROPE;Belgium;NORTH_AMERICA;Bernd De Bosscher;320491066;biology_student_belgium;2025-10-12 16:18:36;Provinciedomein De Gavers;5938609189;https://www.inaturalist.org/observations/320491066;48715;wild;320491066;16:18:36+02:00;711379883;Amanita muscaria (L.) Lam.;NA;NA;NA;NA;NA;NA;NA;NA;NA
Amanita muscaria;5889541632;Amanita muscaria (L.) Lam.;Amanita muscaria (L.) Lam.;SPECIES;Fungi;Basidiomycota;Agaricomycetes;Agaricales;Amanitaceae;Amanita;Amanita muscaria;BE;Vlaanderen;51,015785;4,779288;2025-11-03T12:57:07;2025;HUMAN_OBSERVATION;iNaturalist;Observations;iNaturalist research-grade observations;cdc,cdround;50c9509d-22c7-4a22-a47d-8c48425ef4a7;28eb1a3f-1c15-4a95-931a-4af90ecb574d;997448a8-f762-11e1-a439-00145eb45e9a;28eb1a3f-1c15-4a95-931a-4af90ecb574d;US;DWC_ARCHIVE;2026-04-17T19:39:17.972+00:00;2026-04-18T11:14:52.221+00:00;589;PRESENT;8168319;5;34;186;1499;4171;6005964;8168319;8168319;Amanita;muscaria;ACCEPTED;2025-11-03T11:57:31;7;EUROPE;11;3;307;307;2026-01-26T20:07:10.000+00:00;2026-04-18T11:14:52.221+00:00;https://www.inaturalist.org/observations/324693404;http://creativecommons.org/publicdomain/zero/1.0/legalcode;FALSE;324693404;none;none;FALSE;Hans Van Calster;Hans Van Calster;WGS84;none;none;EUROPE;Belgium;NORTH_AMERICA;Hans Van Calster;324693404;tiliacordata;2025-11-03 12:57:07;Begijnendijk, 3130 Begijnendijk, België;5889541632;https://www.inaturalist.org/observations/324693404;48715;wild;324693404;12:57:07+01:00;721305248;Amanita muscaria (L.) Lam.;NA;NA;NA;NA;NA;NA;NA;NA;NA
Amanita muscaria;5889778247;Amanita muscaria (L.) Lam.;Amanita muscaria (L.) Lam.;SPECIES;Fungi;Basidiomycota;Agaricomycetes;Agaricales;Amanitaceae;Amanita;Amanita muscaria;BE;Vlaanderen;51,095184;4,649323;2025-11-01T15:18:13;2025;HUMAN_OBSERVATION;iNaturalist;Observations;iNaturalist research-grade observations;cdc,cdround;50c9509d-22c7-4a22-a47d-8c48425ef4a7;28eb1a3f-1c15-4a95-931a-4af90ecb574d;997448a8-f762-11e1-a439-00145eb45e9a;28eb1a3f-1c15-4a95-931a-4af90ecb574d;US;DWC_ARCHIVE;2026-04-17T19:39:17.972+00:00;2026-04-18T09:56:41.402+00:00;589;PRESENT;8168319;5;34;186;1499;4171;6005964;8168319;8168319;Amanita;muscaria;ACCEPTED;2025-11-01T14:18:28;3;EUROPE;11;1;305;305;2026-02-02T22:28:07.000+00:00;2026-04-18T09:56:41.402+00:00;https://www.inaturalist.org/observations/324328621;http://creativecommons.org/licenses/by-nc/4.0/legalcode;FALSE;324328621;none;none;FALSE;loreleitje;loreleitje;WGS84;none;none;EUROPE;Belgium;NORTH_AMERICA;loreleitje;324328621;loreleitje;Sat Nov 01 2025 15:18:13 GMT +0100 (GMT);Berlaar;5889778247;https://www.inaturalist.org/observations/324328621;48715;wild;324328621;15:18:13+01:00;720334565;Amanita muscaria (L.) Lam.;NA;NA;NA;NA;NA;NA;NA;NA;NA
Amanita muscaria;5892954507;Amanita muscaria (L.) Lam.;Amanita muscaria (L.) Lam.;SPECIES;Fungi;Basidiomycota;Agaricomycetes;Agaricales;Amanitaceae;Amanita;Amanita muscaria;BE;Vlaanderen;51,187820;4,794844;2025-11-04T08:55:59;2025;HUMAN_OBSERVATION;iNaturalist;Observations;iNaturalist research-grade observations;cdc,cdround;50c9509d-22c7-4a22-a47d-8c48425ef4a7;28eb1a3f-1c15-4a95-931a-4af90ecb574d;997448a8-f762-11e1-a439-00145eb45e9a;28eb1a3f-1c15-4a95-931a-4af90ecb574d;US;DWC_ARCHIVE;2026-04-17T19:39:17.972+00:00;2026-04-18T11:14:55.683+00:00;589;PRESENT;8168319;5;34;186;1499;4171;6005964;8168319;8168319;Amanita;muscaria;ACCEPTED;2025-11-04T07:56:08;231;EUROPE;11;4;308;308;2026-02-04T02:29:22.000+00:00;2026-04-18T11:14:55.683+00:00;https://www.inaturalist.org/observations/324837859;http://creativecommons.org/licenses/by-nc/4.0/legalcode;FALSE;324837859;none;none;FALSE;merijnvdb;merijnvdb;WGS84;none;none;EUROPE;Belgium;NORTH_AMERICA;merijnvdb;324837859;merijnvdb;Tue Nov 04 2025 08:55:59 GMT +0100 (GMT+1);Antwerpen, Vlaanderen, BE;5892954507;https://www.inaturalist.org/observations/324837859;48715;wild;324837859;08:55:59+01:00;721717994;Amanita muscaria (L.) Lam.;NA;NA;NA;NA;NA;NA;NA;NA;NA
Amanita muscaria;5897875071;Amanita muscaria (L.) Lam.;Amanita muscaria (L.) Lam.;SPECIES;Fungi;Basidiomycota;Agaricomycetes;Agaricales;Amanitaceae;Amanita;Amanita muscaria;BE;Vlaanderen;50,871946;4,741897;2025-11-16T13:29:12;2025;HUMAN_OBSERVATION;iNaturalist;Observations;iNaturalist research-grade observations;cdc,cdround;50c9509d-22c7-4a22-a47d-8c48425ef4a7;28eb1a3f-1c15-4a95-931a-4af90ecb574d;997448a8-f762-11e1-a439-00145eb45e9a;28eb1a3f-1c15-4a95-931a-4af90ecb574d;US;DWC_ARCHIVE;2026-04-17T19:39:17.972+00:00;2026-04-18T08:10:43.563+00:00;589;PRESENT;8168319;5;34;186;1499;4171;6005964;8168319;8168319;Amanita;muscaria;ACCEPTED;2025-11-16T13:18:08;100;EUROPE;11;16;320;320;2026-02-02T22:22:56.000+00:00;2026-04-18T08:10:43.563+00:00;https://www.inaturalist.org/observations/326782452;http://creativecommons.org/licenses/by-nc/4.0/legalcode;FALSE;326782452;none;none;FALSE;pantsbox;pantsbox;WGS84;none;none;EUROPE;Belgium;NORTH_AMERICA;pantsbox;326782452;pantsbox;2025-11-16 13:29:12;Kessel-Lo, 3010 Leuven, Belgium;5897875071;https://www.inaturalist.org/observations/326782452;48715;wild;326782452;13:29:12+01:00;726732132;Amanita muscaria (L.) Lam.;NA;NA;NA;NA;NA;NA;NA;NA;NA
Amanita muscaria;5920183658;Amanita muscaria (L.) Lam.;Amanita muscaria (L.) Lam.;SPECIES;Fungi;Basidiomycota;Agaricomycetes;Agaricales;Amanitaceae;Amanita;Amanita muscaria;BE;Vlaanderen;50,858442;4,685536;2025-11-08T10:52;2025;HUMAN_OBSERVATION;iNaturalist;Observations;iNaturalist research-grade observations;cdc,cdround;50c9509d-22c7-4a22-a47d-8c48425ef4a7;28eb1a3f-1c15-4a95-931a-4af90ecb574d;997448a8-f762-11e1-a439-00145eb45e9a;28eb1a3f-1c15-4a95-931a-4af90ecb574d;US;DWC_ARCHIVE;2026-04-17T19:39:17.972+00:00;2026-04-18T08:10:27.149+00:00;589;PRESENT;8168319;5;34;186;1499;4171;6005964;8168319;8168319;Amanita;muscaria;ACCEPTED;2025-11-29T21:34:23;634;EUROPE;11;8;312;312;2026-02-14T04:19:29.000+00:00;2026-04-18T08:10:27.149+00:00;https://www.inaturalist.org/observations/325768328;http://creativecommons.org/licenses/by-nc/4.0/legalcode;FALSE;325768328;none;none;FALSE;CARLOS CAMPOY GARCIA TREVIJANO;Michel Langeveld;WGS84;none;none;EUROPE;Belgium;NORTH_AMERICA;CARLOS CAMPOY GARCIA TREVIJANO;325768328;carlos_campoy;2025-11-08 10:52:00;Heverlee Leopold3/Englebert, 3001 Leuven, Belgium;5920183658;https://www.inaturalist.org/observations/325768328;48715;wild;325768328;10:52:00+01:00;732348646;Amanita muscaria (L.) Lam.;NA;NA;NA;NA;NA;NA;NA;NA;NA
Amanita muscaria;5938479161;Amanita muscaria (L.) Lam.;Amanita muscaria (L.) Lam.;SPECIES;Fungi;Basidiomycota;Agaricomycetes;Agaricales;Amanitaceae;Amanita;Amanita muscaria;BE;Vlaanderen;50,839783;4,686025;2025-11-06T14:47:41;2025;HUMAN_OBSERVATION;iNaturalist;Observations;iNaturalist research-grade observations;cdc,cdround;50c9509d-22c7-4a22-a47d-8c48425ef4a7;28eb1a3f-1c15-4a95-931a-4af90ecb574d;997448a8-f762-11e1-a439-00145eb45e9a;28eb1a3f-1c15-4a95-931a-4af90ecb574d;US;DWC_ARCHIVE;2026-04-17T19:39:17.972+00:00;2026-04-18T11:14:57.903+00:00;589;PRESENT;8168319;5;34;186;1499;4171;6005964;8168319;8168319;Amanita;muscaria;ACCEPTED;2025-11-07T00:03:42;391;EUROPE;11;6;310;310;2026-02-02T22:24:08.000+00:00;2026-04-18T11:14:57.903+00:00;https://www.inaturalist.org/observations/325262153;http://creativecommons.org/licenses/by-nc/4.0/legalcode;FALSE;325262153;none;none;FALSE;Bernd De Bosscher;Bernd De Bosscher;WGS84;none;none;EUROPE;Belgium;NORTH_AMERICA;Bernd De Bosscher;325262153;biology_student_belgium;2025-11-06 14:47:41;Heverleebos;5938479161;https://www.inaturalist.org/observations/325262153;48715;wild;325262153;14:47:41+01:00;722875845;Amanita muscaria (L.) Lam.;NA;NA;NA;NA;NA;NA;NA;NA;NA
Amanita muscaria;5938636626;Amanita muscaria (L.) Lam.;Amanita muscaria (L.) Lam.;SPECIES;Fungi;Basidiomycota;Agaricomycetes;Agaricales;Amanitaceae;Amanita;Amanita muscaria;BE;Vlaanderen;50,839783;4,686025;2025-11-07T02:28:49;2025;HUMAN_OBSERVATION;iNaturalist;Observations;iNaturalist research-grade observations;cdc,cdround;50c9509d-22c7-4a22-a47d-8c48425ef4a7;28eb1a3f-1c15-4a95-931a-4af90ecb574d;997448a8-f762-11e1-a439-00145eb45e9a;28eb1a3f-1c15-4a95-931a-4af90ecb574d;US;DWC_ARCHIVE;2026-04-17T19:39:17.972+00:00;2026-04-18T08:10:17.321+00:00;589;PRESENT;8168319;5;34;186;1499;4171;6005964;8168319;8168319;Amanita;muscaria;ACCEPTED;2025-11-07T01:29:25;391;EUROPE;11;7;311;311;2026-02-02T22:24:08.000+00:00;2026-04-18T08:10:17.321+00:00;https://www.inaturalist.org/observations/325271748;http://creativecommons.org/licenses/by-nc/4.0/legalcode;FALSE;325271748;none;none;FALSE;Bernd De Bosscher;Bernd De Bosscher;WGS84;none;none;EUROPE;Belgium;NORTH_AMERICA;Bernd De Bosscher;325271748;biology_student_belgium;2025-11-07 02:28:49;Heverleebos;5938636626;https://www.inaturalist.org/observations/325271748;48715;wild;325271748;02:28:49+01:00;722900015;Amanita muscaria (L.) Lam.;NA;NA;NA;NA;NA;NA;NA;NA;NA
Amanita muscaria;5920232418;Amanita muscaria (L.) Lam.;Amanita muscaria (L.) Lam.;SPECIES;Fungi;Basidiomycota;Agaricomycetes;Agaricales;Amanitaceae;Amanita;Amanita muscaria;BE;Vlaanderen;51,040730;4,798735;2025-12-05T11:56:53;2025;HUMAN_OBSERVATION;iNaturalist;Observations;iNaturalist research-grade observations;cdc,cdround;50c9509d-22c7-4a22-a47d-8c48425ef4a7;28eb1a3f-1c15-4a95-931a-4af90ecb574d;997448a8-f762-11e1-a439-00145eb45e9a;28eb1a3f-1c15-4a95-931a-4af90ecb574d;US;DWC_ARCHIVE;2026-04-17T19:39:17.972+00:00;2026-04-18T08:11:27.977+00:00;589;PRESENT;8168319;5;34;186;1499;4171;6005964;8168319;8168319;Amanita;muscaria;ACCEPTED;2025-12-05T12:38:12;2;EUROPE;12;5;339;339;2026-01-26T02:07:50.000+00:00;2026-04-18T08:11:27.977+00:00;https://www.inaturalist.org/observations/329561419;http://creativecommons.org/licenses/by-nc/4.0/legalcode;FALSE;329561419;none;none;FALSE;Goossens Norbert;Goossens Norbert;WGS84;none;none;EUROPE;Belgium;NORTH_AMERICA;Goossens Norbert;329561419;goossensnorbert;2025-12-05 11:56:53;Hoekske, Hulshout, Antwerp, BE;5920232418;https://www.inaturalist.org/observations/329561419;48715;wild;329561419;11:56:53+01:00;734554832;Amanita muscaria (L.) Lam.;NA;NA;NA;NA;NA;NA;NA;NA;NA
Amanita muscaria;4952477931;Amanita muscaria (L.) Lam.;Amanita muscaria (L.) Lam.;SPECIES;Fungi;Basidiomycota;Agaricomycetes;Agaricales;Amanitaceae;Amanita;Amanita muscaria;BE;Vlaanderen;50,841884;3,184070;2024-09-25T14:51;2024;HUMAN_OBSERVATION;iNaturalist;Observations;iNaturalist research-grade observations;cdc,cdround;50c9509d-22c7-4a22-a47d-8c48425ef4a7;28eb1a3f-1c15-4a95-931a-4af90ecb574d;997448a8-f762-11e1-a439-00145eb45e9a;28eb1a3f-1c15-4a95-931a-4af90ecb574d;US;DWC_ARCHIVE;2026-04-17T19:39:17.972+00:00;2026-04-18T10:57:00.812+00:00;589;PRESENT;8168319;5;34;186;1499;4171;6005964;8168319;8168319;Amanita;muscaria;ACCEPTED;2024-09-25T20:55:23;8;EUROPE;9;25;269;269;2025-04-30T17:04:53.000+00:00;2026-04-18T10:57:00.812+00:00;https://www.inaturalist.org/observations/244036153;http://creativecommons.org/licenses/by-nc/4.0/legalcode;FALSE;244036153;none;none;FALSE;Alissa De Laere;Alissa De Laere;WGS84;none;none;EUROPE;Belgium;NORTH_AMERICA;Alissa De Laere;244036153;a_delaere;2024/09/25 2:51 PM;West-Vlaanderen, Vlaanderen, BE;4952477931;https://www.inaturalist.org/observations/244036153;48715;wild;244036153;14:51:00+02:00;545167932;Amanita muscaria (L.) Lam.;NA;NA;NA;NA;NA;https://www.inaturalist.org/projects/belgian-biodiversity;NA;NA;NA
Amanita muscaria;4952557365;Amanita muscaria (L.) Lam.;Amanita muscaria (L.) Lam.;SPECIES;Fungi;Basidiomycota;Agaricomycetes;Agaricales;Amanitaceae;Amanita;Amanita muscaria;BE;Vlaanderen;51,412766;4,445415;2024-09-28T18:41:06;2024;HUMAN_OBSERVATION;iNaturalist;Observations;iNaturalist research-grade observations;cdc,cdround;50c9509d-22c7-4a22-a47d-8c48425ef4a7;28eb1a3f-1c15-4a95-931a-4af90ecb574d;997448a8-f762-11e1-a439-00145eb45e9a;28eb1a3f-1c15-4a95-931a-4af90ecb574d;US;DWC_ARCHIVE;2026-04-17T19:39:17.972+00:00;2026-04-18T10:57:07.057+00:00;589;PRESENT;8168319;5;34;186;1499;4171;6005964;8168319;8168319;Amanita;muscaria;ACCEPTED;2024-09-28T18:14:31;9;EUROPE;9;28;272;272;2025-04-30T10:20:45.000+00:00;2026-04-18T10:57:07.057+00:00;https://www.inaturalist.org/observations/244537884;http://creativecommons.org/licenses/by-nc/4.0/legalcode;FALSE;244537884;none;none;FALSE;alexander_deleeck;alexander_deleeck;WGS84;none;none;EUROPE;Belgium;NORTH_AMERICA;alexander_deleeck;244537884;alexander_deleeck;2024-09-28 18:41:06;Grenspark De Zoom - Kalmthoutse Heide, BE-AN, Vlaanderen, BE;4952557365;https://www.inaturalist.org/observations/244537884;48715;wild;244537884;18:41:06+02:00;546302839;Amanita muscaria (L.) Lam.;NA;NA;NA;NA;NA;NA;NA;NA;NA
Amanita muscaria;4952592343;Amanita muscaria (L.) Lam.;Amanita muscaria (L.) Lam.;SPECIES;Fungi;Basidiomycota;Agaricomycetes;Agaricales;Amanitaceae;Amanita;Amanita muscaria;BE;Vlaanderen;51,207674;5,511223;2024-10-07T17:01:51;2024;HUMAN_OBSERVATION;iNaturalist;Observations;iNaturalist research-grade observations;cdc,cdround;50c9509d-22c7-4a22-a47d-8c48425ef4a7;28eb1a3f-1c15-4a95-931a-4af90ecb574d;997448a8-f762-11e1-a439-00145eb45e9a;28eb1a3f-1c15-4a95-931a-4af90ecb574d;US;DWC_ARCHIVE;2026-04-17T19:39:17.972+00:00;2026-04-18T09:29:09.096+00:00;589;PRESENT;8168319;5;34;186;1499;4171;6005964;8168319;8168319;Amanita;muscaria;ACCEPTED;2024-10-07T15:02:21;3;EUROPE;10;7;281;281;2025-04-26T21:51:30.000+00:00;2026-04-18T09:29:09.096+00:00;https://www.inaturalist.org/observations/246166129;http://creativecommons.org/licenses/by-nc/4.0/legalcode;FALSE;246166129;none;none;FALSE;Harriët Boogers;Harriët Boogers;WGS84;none;none;EUROPE;Belgium;NORTH_AMERICA;Harriët Boogers;246166129;harriet_boogers;2024-10-07 17:01:51+02:00;Kaulille, Bocholt, Limburg, BE;4952592343;https://www.inaturalist.org/observations/246166129;48715;wild;246166129;17:01:51+02:00;549861565;Amanita muscaria (L.) Lam.;NA;NA;NA;NA;NA;NA;NA;NA;NA
Amanita citrina;6131591381;Amanita citrina Pers.;Amanita citrina Pers.;SPECIES;Fungi;Basidiomycota;Agaricomycetes;Agaricales;Amanitaceae;Amanita;Amanita citrina;BE;Vlaanderen;50,761558;4,449900;2025-09-29T14:05:51;2025;HUMAN_OBSERVATION;iNaturalist;Observations;iNaturalist research-grade observations;cdc,cdround;50c9509d-22c7-4a22-a47d-8c48425ef4a7;28eb1a3f-1c15-4a95-931a-4af90ecb574d;997448a8-f762-11e1-a439-00145eb45e9a;28eb1a3f-1c15-4a95-931a-4af90ecb574d;US;DWC_ARCHIVE;2026-04-17T19:39:17.972+00:00;2026-04-18T08:09:50.962+00:00;589;PRESENT;3328320;5;34;186;1499;4171;6005964;3328320;3328320;Amanita;citrina;ACCEPTED;2025-10-27T17:40:46;2;EUROPE;9;29;272;272;2026-01-27T21:26:36.000+00:00;2026-04-18T08:09:50.962+00:00;https://www.inaturalist.org/observations/323493807;http://creativecommons.org/licenses/by-nc/4.0/legalcode;FALSE;323493807;none;none;FALSE;Tomas Miskov;Tomas Miskov;WGS84;none;none;EUROPE;Belgium;NORTH_AMERICA;Tomas Miskov;323493807;imotvoksim;2025-09-29 14:05:51;Steenbrugdreef, Hoeilaart, Flemish Brabant, BE;6131591381;https://www.inaturalist.org/observations/323493807;63271;wild;323493807;14:05:51+02:00;718356331;Amanita citrina Pers.;NA;NA;NA;NA;3761,88088025599;NA;NA;NA;NA
Amanita citrina;5844170614;Amanita citrina Pers.;Amanita citrina Pers.;SPECIES;Fungi;Basidiomycota;Agaricomycetes;Agaricales;Amanitaceae;Amanita;Amanita citrina;BE;Vlaanderen;50,764202;4,407139;2025-10-12;2025;HUMAN_OBSERVATION;iNaturalist;Observations;iNaturalist research-grade observations;cdc,cdround;50c9509d-22c7-4a22-a47d-8c48425ef4a7;28eb1a3f-1c15-4a95-931a-4af90ecb574d;997448a8-f762-11e1-a439-00145eb45e9a;28eb1a3f-1c15-4a95-931a-4af90ecb574d;US;DWC_ARCHIVE;2026-04-17T19:39:17.972+00:00;2026-04-18T09:55:15.534+00:00;589;PRESENT;3328320;5;34;186;1499;4171;6005964;3328320;3328320;Amanita;citrina;ACCEPTED;2025-10-12T19:20:36;92;EUROPE;10;12;285;285;2025-10-12T20:11:25.000+00:00;2026-04-18T09:55:15.534+00:00;https://www.inaturalist.org/observations/320475998;http://creativecommons.org/licenses/by-nc/4.0/legalcode;FALSE;320475998;none;none;FALSE;Axel Gosseries;Axel Gosseries;WGS84;none;none;EUROPE;Belgium;NORTH_AMERICA;Axel Gosseries;320475998;axelgosseries;2025/10/12;Sint-Genesius-Rode, Belgique;5844170614;https://www.inaturalist.org/observations/320475998;63271;wild;320475998;NA;711352415;Amanita citrina Pers.;NA;NA;NA;NA;NA;NA;NA;NA;NA
Amanita citrina;5867807791;Amanita citrina Pers.;Amanita citrina Pers.;SPECIES;Fungi;Basidiomycota;Agaricomycetes;Agaricales;Amanitaceae;Amanita;Amanita citrina;BE;Vlaanderen;50,764575;3,639970;2025-10-15T18:03:28;2025;HUMAN_OBSERVATION;iNaturalist;Observations;iNaturalist research-grade observations;cdc,cdround;50c9509d-22c7-4a22-a47d-8c48425ef4a7;28eb1a3f-1c15-4a95-931a-4af90ecb574d;997448a8-f762-11e1-a439-00145eb45e9a;28eb1a3f-1c15-4a95-931a-4af90ecb574d;US;DWC_ARCHIVE;2026-04-17T19:39:17.972+00:00;2026-04-18T08:09:18.283+00:00;589;PRESENT;3328320;5;34;186;1499;4171;6005964;3328320;3328320;Amanita;citrina;ACCEPTED;2025-10-15T18:32:04;NA;EUROPE;10;15;288;288;2025-12-07T11:42:20.000+00:00;2026-04-18T08:09:18.283+00:00;https://www.inaturalist.org/observations/321084773;http://creativecommons.org/licenses/by/4.0/legalcode;FALSE;321084773;none;none;FALSE;CaracalShan;CaracalShan;WGS84;none;none;EUROPE;Belgium;NORTH_AMERICA;CaracalShan;321084773;caracalshan;2025-10-15 18:03:28;QJ7V+M2, 9600 Ronse, België;5867807791;https://www.inaturalist.org/observations/321084773;63271;wild;321084773;18:03:28+02:00;712700787;Amanita citrina Pers.;NA;NA;NA;NA;NA;NA;NA;NA;NA
Amanita citrina;5889275262;Amanita citrina Pers.;Amanita citrina Pers.;SPECIES;Fungi;Basidiomycota;Agaricomycetes;Agaricales;Amanitaceae;Amanita;Amanita citrina;BE;Vlaanderen;50,805225;4,526945;2025-10-19T15:53:34;2025;HUMAN_OBSERVATION;iNaturalist;Observations;iNaturalist research-grade observations;cdc;50c9509d-22c7-4a22-a47d-8c48425ef4a7;28eb1a3f-1c15-4a95-931a-4af90ecb574d;997448a8-f762-11e1-a439-00145eb45e9a;28eb1a3f-1c15-4a95-931a-4af90ecb574d;US;DWC_ARCHIVE;2026-04-17T19:39:17.972+00:00;2026-04-18T11:14:20.268+00:00;589;PRESENT;3328320;5;34;186;1499;4171;6005964;3328320;3328320;Amanita;citrina;ACCEPTED;2025-10-19T20:12:29;6;EUROPE;10;19;292;292;2025-10-25T16:12:06.000+00:00;2026-04-18T11:14:20.268+00:00;https://www.inaturalist.org/observations/321911773;http://creativecommons.org/licenses/by-nc/4.0/legalcode;FALSE;321911773;none;none;FALSE;munstie;munstie;WGS84;none;none;EUROPE;Belgium;NORTH_AMERICA;munstie;321911773;munstie;2025-10-19 15:53:34+02:00;Kapucijnenbos, Tervuren, Brabant flamand, BE;5889275262;https://www.inaturalist.org/observations/321911773;63271;wild;321911773;15:53:34+02:00;714580569;Amanita citrina Pers.;NA;NA;NA;NA;NA;NA;NA;NA;NA
Amanita citrina;5889355731;Amanita citrina Pers.;Amanita citrina Pers.;SPECIES;Fungi;Basidiomycota;Agaricomycetes;Agaricales;Amanitaceae;Amanita;Amanita citrina;BE;Vlaanderen;50,806288;4,526413;2025-10-19T15:59:27;2025;HUMAN_OBSERVATION;iNaturalist;Observations;iNaturalist research-grade observations;cdc,cdround;50c9509d-22c7-4a22-a47d-8c48425ef4a7;28eb1a3f-1c15-4a95-931a-4af90ecb574d;997448a8-f762-11e1-a439-00145eb45e9a;28eb1a3f-1c15-4a95-931a-4af90ecb574d;US;DWC_ARCHIVE;2026-04-17T19:39:17.972+00:00;2026-04-18T09:55:47.442+00:00;589;PRESENT;3328320;5;34;186;1499;4171;6005964;3328320;3328320;Amanita;citrina;ACCEPTED;2025-10-19T20:00:15;6;EUROPE;10;19;292;292;2025-10-25T16:13:34.000+00:00;2026-04-18T09:55:47.442+00:00;https://www.inaturalist.org/observations/321909350;http://creativecommons.org/licenses/by-nc/4.0/legalcode;FALSE;321909350;none;none;FALSE;munstie;munstie;WGS84;none;none;EUROPE;Belgium;NORTH_AMERICA;munstie;321909350;munstie;2025-10-19 15:59:27+02:00;Kapucijnenbos, Tervuren, Brabant flamand, BE;5889355731;https://www.inaturalist.org/observations/321909350;63271;wild;321909350;15:59:27+02:00;714575336;Amanita citrina Pers.;NA;NA;NA;NA;NA;NA;NA;NA;NA
Amanita citrina;5889917223;Amanita citrina Pers.;Amanita citrina Pers.;SPECIES;Fungi;Basidiomycota;Agaricomycetes;Agaricales;Amanitaceae;Amanita;Amanita citrina;BE;Vlaanderen;50,761569;3,644314;2025-10-21T18:12:21;2025;HUMAN_OBSERVATION;iNaturalist;Observations;iNaturalist research-grade observations;cdc,cdround;50c9509d-22c7-4a22-a47d-8c48425ef4a7;28eb1a3f-1c15-4a95-931a-4af90ecb574d;997448a8-f762-11e1-a439-00145eb45e9a;28eb1a3f-1c15-4a95-931a-4af90ecb574d;US;DWC_ARCHIVE;2026-04-17T19:39:17.972+00:00;2026-04-18T09:55:57.104+00:00;589;PRESENT;3328320;5;34;186;1499;4171;6005964;3328320;3328320;Amanita;citrina;ACCEPTED;2025-10-22T06:16:19;NA;EUROPE;10;21;294;294;2025-12-07T11:42:03.000+00:00;2026-04-18T09:55:57.104+00:00;https://www.inaturalist.org/observations/322362436;http://creativecommons.org/licenses/by/4.0/legalcode;FALSE;322362436;none;none;FALSE;CaracalShan;CaracalShan;WGS84;none;none;EUROPE;Belgium;NORTH_AMERICA;CaracalShan;322362436;caracalshan;2025-10-21 18:12:21;9600 Ronse, België;5889917223;https://www.inaturalist.org/observations/322362436;63271;wild;322362436;18:12:21+02:00;715673647;Amanita citrina Pers.;NA;NA;NA;NA;NA;NA;NA;NA;NA
Amanita citrina;5890029669;Amanita citrina Pers.;Amanita citrina Pers.;SPECIES;Fungi;Basidiomycota;Agaricomycetes;Agaricales;Amanitaceae;Amanita;Amanita citrina;BE;Vlaanderen;50,805325;4,526947;2025-10-19T15:54:17;2025;HUMAN_OBSERVATION;iNaturalist;Observations;iNaturalist research-grade observations;cdc,cdround;50c9509d-22c7-4a22-a47d-8c48425ef4a7;28eb1a3f-1c15-4a95-931a-4af90ecb574d;997448a8-f762-11e1-a439-00145eb45e9a;28eb1a3f-1c15-4a95-931a-4af90ecb574d;US;DWC_ARCHIVE;2026-04-17T19:39:17.972+00:00;2026-04-18T09:55:48.346+00:00;589;PRESENT;3328320;5;34;186;1499;4171;6005964;3328320;3328320;Amanita;citrina;ACCEPTED;2025-10-19T20:11:03;11;EUROPE;10;19;292;292;2025-10-25T16:12:43.000+00:00;2026-04-18T09:55:48.346+00:00;https://www.inaturalist.org/observations/321911571;http://creativecommons.org/licenses/by-nc/4.0/legalcode;FALSE;321911571;none;none;FALSE;munstie;munstie;WGS84;none;none;EUROPE;Belgium;NORTH_AMERICA;munstie;321911571;munstie;2025-10-19 15:54:17+02:00;Kapucijnenbos, Tervuren, Brabant flamand, BE;5890029669;https://www.inaturalist.org/observations/321911571;63271;wild;321911571;15:54:17+02:00;714580005;Amanita citrina Pers.;NA;NA;NA;NA;NA;NA;NA;NA;NA
Amanita citrina;5890316491;Amanita citrina Pers.;Amanita citrina Pers.;SPECIES;Fungi;Basidiomycota;Agaricomycetes;Agaricales;Amanitaceae;Amanita;Amanita citrina;BE;Vlaanderen;50,805320;4,526930;2025-10-19T15:54:28;2025;HUMAN_OBSERVATION;iNaturalist;Observations;iNaturalist research-grade observations;cdc;50c9509d-22c7-4a22-a47d-8c48425ef4a7;28eb1a3f-1c15-4a95-931a-4af90ecb574d;997448a8-f762-11e1-a439-00145eb45e9a;28eb1a3f-1c15-4a95-931a-4af90ecb574d;US;DWC_ARCHIVE;2026-04-17T19:39:17.972+00:00;2026-04-18T08:09:30.983+00:00;589;PRESENT;3328320;5;34;186;1499;4171;6005964;3328320;3328320;Amanita;citrina;ACCEPTED;2025-10-19T20:09:14;12;EUROPE;10;19;292;292;2025-10-25T16:12:47.000+00:00;2026-04-18T08:09:30.983+00:00;https://www.inaturalist.org/observations/321911206;http://creativecommons.org/licenses/by-nc/4.0/legalcode;FALSE;321911206;none;none;FALSE;munstie;munstie;WGS84;none;none;EUROPE;Belgium;NORTH_AMERICA;munstie;321911206;munstie;2025-10-19 15:54:28+02:00;Kapucijnenbos, Tervuren, Brabant flamand, BE;5890316491;https://www.inaturalist.org/observations/321911206;63271;wild;321911206;15:54:28+02:00;714579159;Amanita citrina Pers.;NA;NA;NA;NA;NA;NA;NA;NA;NA
Amanita citrina;5890433327;Amanita citrina Pers.;Amanita citrina Pers.;SPECIES;Fungi;Basidiomycota;Agaricomycetes;Agaricales;Amanitaceae;Amanita;Amanita citrina;BE;Vlaanderen;50,805317;4,526950;2025-10-19T15:54:10;2025;HUMAN_OBSERVATION;iNaturalist;Observations;iNaturalist research-grade observations;cdc,cdround;50c9509d-22c7-4a22-a47d-8c48425ef4a7;28eb1a3f-1c15-4a95-931a-4af90ecb574d;997448a8-f762-11e1-a439-00145eb45e9a;28eb1a3f-1c15-4a95-931a-4af90ecb574d;US;DWC_ARCHIVE;2026-04-17T19:39:17.972+00:00;2026-04-18T08:09:31.274+00:00;589;PRESENT;3328320;5;34;186;1499;4171;6005964;3328320;3328320;Amanita;citrina;ACCEPTED;2025-10-19T20:12:00;8;EUROPE;10;19;292;292;2025-10-25T16:12:10.000+00:00;2026-04-18T08:09:31.274+00:00;https://www.inaturalist.org/observations/321911707;http://creativecommons.org/licenses/by-nc/4.0/legalcode;FALSE;321911707;none;none;FALSE;munstie;munstie;WGS84;none;none;EUROPE;Belgium;NORTH_AMERICA;munstie;321911707;munstie;2025-10-19 15:54:10+02:00;Kapucijnenbos, Tervuren, Brabant flamand, BE;5890433327;https://www.inaturalist.org/observations/321911707;63271;wild;321911707;15:54:10+02:00;714580361;Amanita citrina Pers.;NA;NA;NA;NA;NA;NA;NA;NA;NA
Amanita citrina;6129840500;Amanita citrina Pers.;Amanita citrina Pers.;SPECIES;Fungi;Basidiomycota;Agaricomycetes;Agaricales;Amanitaceae;Amanita;Amanita citrina;BE;Vlaanderen;50,806287;4,526397;2025-10-19T16:25:49;2025;HUMAN_OBSERVATION;iNaturalist;Observations;iNaturalist research-grade observations;cdc,cdround;50c9509d-22c7-4a22-a47d-8c48425ef4a7;28eb1a3f-1c15-4a95-931a-4af90ecb574d;997448a8-f762-11e1-a439-00145eb45e9a;28eb1a3f-1c15-4a95-931a-4af90ecb574d;US;DWC_ARCHIVE;2026-04-17T19:39:17.972+00:00;2026-04-18T09:55:48.390+00:00;589;PRESENT;3328320;5;34;186;1499;4171;6005964;3328320;3328320;Amanita;citrina;ACCEPTED;2025-10-19T19:45:32;4;EUROPE;10;19;292;292;2026-01-27T22:39:12.000+00:00;2026-04-18T09:55:48.390+00:00;https://www.inaturalist.org/observations/321906178;http://creativecommons.org/licenses/by-nc/4.0/legalcode;FALSE;321906178;none;none;FALSE;munstie;munstie;WGS84;none;none;EUROPE;Belgium;NORTH_AMERICA;munstie;321906178;munstie;2025-10-19 16:25:49+02:00;Kapucijnenbos, Tervuren, Brabant flamand, BE;6129840500;https://www.inaturalist.org/observations/321906178;63271;wild;321906178;16:25:49+02:00;714568393;Amanita citrina Pers.;NA;NA;NA;NA;NA;NA;NA;NA;NA
Amanita citrina;6130144903;Amanita citrina Pers.;Amanita citrina Pers.;SPECIES;Fungi;Basidiomycota;Agaricomycetes;Agaricales;Amanitaceae;Amanita;Amanita citrina;BE;Vlaanderen;50,813445;3,591467;2025-10-10T08:32:17;2025;HUMAN_OBSERVATION;iNaturalist;Observations;iNaturalist research-grade observations;cdc,cdround;50c9509d-22c7-4a22-a47d-8c48425ef4a7;28eb1a3f-1c15-4a95-931a-4af90ecb574d;997448a8-f762-11e1-a439-00145eb45e9a;28eb1a3f-1c15-4a95-931a-4af90ecb574d;US;DWC_ARCHIVE;2026-04-17T19:39:17.972+00:00;2026-04-18T08:08:59.467+00:00;589;PRESENT;3328320;5;34;186;1499;4171;6005964;3328320;3328320;Amanita;citrina;ACCEPTED;2025-10-10T14:02:45;NA;EUROPE;10;10;283;283;2026-01-27T23:39:02.000+00:00;2026-04-18T08:08:59.467+00:00;https://www.inaturalist.org/observations/319955687;http://creativecommons.org/licenses/by/4.0/legalcode;FALSE;319955687;none;none;FALSE;CaracalShan;CaracalShan;WGS84;none;none;EUROPE;Belgium;NORTH_AMERICA;CaracalShan;319955687;caracalshan;2025-10-10 08:32:17;Melden, 9700 Oudenaarde, België;6130144903;https://www.inaturalist.org/observations/319955687;63271;wild;319955687;08:32:17+02:00;710306156;Amanita citrina Pers.;NA;NA;NA;NA;NA;NA;NA;NA;NA
Amanita citrina;6130163873;Amanita citrina Pers.;Amanita citrina Pers.;SPECIES;Fungi;Basidiomycota;Agaricomycetes;Agaricales;Amanitaceae;Amanita;Amanita citrina;BE;Vlaanderen;50,805695;4,526963;2025-10-19T16:28:26;2025;HUMAN_OBSERVATION;iNaturalist;Observations;iNaturalist research-grade observations;cdc,cdround;50c9509d-22c7-4a22-a47d-8c48425ef4a7;28eb1a3f-1c15-4a95-931a-4af90ecb574d;997448a8-f762-11e1-a439-00145eb45e9a;28eb1a3f-1c15-4a95-931a-4af90ecb574d;US;DWC_ARCHIVE;2026-04-17T19:39:17.972+00:00;2026-04-18T08:09:33.167+00:00;589;PRESENT;3328320;5;34;186;1499;4171;6005964;3328320;3328320;Amanita;citrina;ACCEPTED;2025-10-19T19:44:49;5;EUROPE;10;19;292;292;2026-01-27T22:39:15.000+00:00;2026-04-18T08:09:33.167+00:00;https://www.inaturalist.org/observations/321906061;http://creativecommons.org/licenses/by-nc/4.0/legalcode;FALSE;321906061;none;none;FALSE;munstie;munstie;WGS84;none;none;EUROPE;Belgium;NORTH_AMERICA;munstie;321906061;munstie;2025-10-19 16:28:26+02:00;Kapucijnenbos, Tervuren, Brabant flamand, BE;6130163873;https://www.inaturalist.org/observations/321906061;63271;wild;321906061;16:28:26+02:00;714568138;Amanita citrina Pers.;NA;NA;NA;NA;NA;NA;NA;NA;NA
Amanita citrina;6130969206;Amanita citrina f. alba (Pers.) Quél.;Amanita citrina Pers.;FORM;Fungi;Basidiomycota;Agaricomycetes;Agaricales;Amanitaceae;Amanita;Amanita citrina;BE;Vlaanderen;51,261775;4,703742;2025-10-18T16:53:41;2025;HUMAN_OBSERVATION;iNaturalist;Observations;iNaturalist research-grade observations;cdc,cdround;50c9509d-22c7-4a22-a47d-8c48425ef4a7;28eb1a3f-1c15-4a95-931a-4af90ecb574d;997448a8-f762-11e1-a439-00145eb45e9a;28eb1a3f-1c15-4a95-931a-4af90ecb574d;US;DWC_ARCHIVE;2026-04-17T19:39:17.972+00:00;2026-04-18T08:09:27.936+00:00;589;PRESENT;8424151;5;34;186;1499;4171;6005964;3328320;3328320;Amanita;citrina;SYNONYM;2025-10-18T21:31:07;NA;EUROPE;10;18;291;291;2026-01-27T22:42:57.000+00:00;2026-04-18T08:09:27.936+00:00;https://www.inaturalist.org/observations/321703024;http://creativecommons.org/licenses/by-nc/4.0/legalcode;FALSE;321703024;none;none;FALSE;GrungeDimi;GrungeDimi;WGS84;none;none;EUROPE;Belgium;NORTH_AMERICA;GrungeDimi;321703024;grungedimi;2025-10-18 16:53:41;Zoersel, 2980 Zoersel, Belgium;6130969206;https://www.inaturalist.org/observations/321703024;1591804;wild;321703024;16:53:41+02:00;714129534;Amanita citrina f. alba (Pers.) Quél.;NA;NA;NA;NA;NA;NA;alba;NA;NA
Amanita citrina;6131115167;Amanita citrina Pers.;Amanita citrina Pers.;SPECIES;Fungi;Basidiomycota;Agaricomycetes;Agaricales;Amanitaceae;Amanita;Amanita citrina;BE;Vlaanderen;51,199181;4,745406;2025-10-17T12:41:52;2025;HUMAN_OBSERVATION;iNaturalist;Observations;iNaturalist research-grade observations;cdc,cdround;50c9509d-22c7-4a22-a47d-8c48425ef4a7;28eb1a3f-1c15-4a95-931a-4af90ecb574d;997448a8-f762-11e1-a439-00145eb45e9a;28eb1a3f-1c15-4a95-931a-4af90ecb574d;US;DWC_ARCHIVE;2026-04-17T19:39:17.972+00:00;2026-04-18T08:09:23.334+00:00;589;PRESENT;3328320;5;34;186;1499;4171;6005964;3328320;3328320;Amanita;citrina;ACCEPTED;2025-10-17T10:41:59;5;EUROPE;10;17;290;290;2026-01-27T22:56:11.000+00:00;2026-04-18T08:09:23.334+00:00;https://www.inaturalist.org/observations/321384340;http://creativecommons.org/licenses/by-nc/4.0/legalcode;FALSE;321384340;none;none;FALSE;freshfruitv;freshfruitv;WGS84;none;none;EUROPE;Belgium;NORTH_AMERICA;freshfruitv;321384340;freshfruitv;Fri Oct 17 2025 12:41:52 GMT +0200 (GMT+2);Grobbendonk;6131115167;https://www.inaturalist.org/observations/321384340;63271;wild;321384340;12:41:52+02:00;713378350;Amanita citrina Pers.;NA;NA;NA;NA;NA;NA;NA;NA;NA
Amanita citrina;6131274083;Amanita citrina Pers.;Amanita citrina Pers.;SPECIES;Fungi;Basidiomycota;Agaricomycetes;Agaricales;Amanitaceae;Amanita;Amanita citrina;BE;Vlaanderen;50,805328;4,526947;2025-10-19T15:54:13;2025;HUMAN_OBSERVATION;iNaturalist;Observations;iNaturalist research-grade observations;cdc,cdround;50c9509d-22c7-4a22-a47d-8c48425ef4a7;28eb1a3f-1c15-4a95-931a-4af90ecb574d;997448a8-f762-11e1-a439-00145eb45e9a;28eb1a3f-1c15-4a95-931a-4af90ecb574d;US;DWC_ARCHIVE;2026-04-17T19:39:17.972+00:00;2026-04-18T09:55:46.895+00:00;589;PRESENT;3328320;5;34;186;1499;4171;6005964;3328320;3328320;Amanita;citrina;ACCEPTED;2025-10-25T16:12:27;10;EUROPE;10;19;292;292;2026-01-27T22:33:44.000+00:00;2026-04-18T09:55:46.895+00:00;https://www.inaturalist.org/observations/321911660;http://creativecommons.org/licenses/by-nc/4.0/legalcode;FALSE;321911660;none;none;FALSE;munstie;Daniel Ghyselinck;WGS84;none;none;EUROPE;Belgium;NORTH_AMERICA;munstie;321911660;munstie;2025-10-19 15:54:13+02:00;Kapucijnenbos, Tervuren, Brabant flamand, BE;6131274083;https://www.inaturalist.org/observations/321911660;63271;wild;321911660;15:54:13+02:00;717175100;Amanita citrina Pers.;NA;NA;NA;NA;NA;NA;NA;NA;NA
Amanita citrina;6131508335;Amanita citrina Pers.;Amanita citrina Pers.;SPECIES;Fungi;Basidiomycota;Agaricomycetes;Agaricales;Amanitaceae;Amanita;Amanita citrina;BE;Vlaanderen;50,771878;3,720028;2025-10-25T17:56:01;2025;HUMAN_OBSERVATION;iNaturalist;Observations;iNaturalist research-grade observations;cdc,cdround;50c9509d-22c7-4a22-a47d-8c48425ef4a7;28eb1a3f-1c15-4a95-931a-4af90ecb574d;997448a8-f762-11e1-a439-00145eb45e9a;28eb1a3f-1c15-4a95-931a-4af90ecb574d;US;DWC_ARCHIVE;2026-04-17T19:39:17.972+00:00;2026-04-18T09:56:11.681+00:00;589;PRESENT;3328320;5;34;186;1499;4171;6005964;3328320;3328320;Amanita;citrina;ACCEPTED;2025-10-25T18:45:23;NA;EUROPE;10;25;298;298;2026-01-27T21:31:29.000+00:00;2026-04-18T09:56:11.681+00:00;https://www.inaturalist.org/observations/323025812;http://creativecommons.org/licenses/by/4.0/legalcode;FALSE;323025812;none;none;FALSE;CaracalShan;CaracalShan;WGS84;none;none;EUROPE;Belgium;NORTH_AMERICA;CaracalShan;323025812;caracalshan;2025-10-25 17:56:01;Opbrakel, 9660 Brakel, België;6131508335;https://www.inaturalist.org/observations/323025812;63271;wild;323025812;17:56:01+02:00;717237181;Amanita citrina Pers.;NA;NA;NA;NA;NA;NA;NA;NA;NA
Amanita citrina;6131574466;Amanita citrina Pers.;Amanita citrina Pers.;SPECIES;Fungi;Basidiomycota;Agaricomycetes;Agaricales;Amanitaceae;Amanita;Amanita citrina;BE;Vlaanderen;50,805233;4,526930;2025-10-19T15:53:39;2025;HUMAN_OBSERVATION;iNaturalist;Observations;iNaturalist research-grade observations;cdc,cdround;50c9509d-22c7-4a22-a47d-8c48425ef4a7;28eb1a3f-1c15-4a95-931a-4af90ecb574d;997448a8-f762-11e1-a439-00145eb45e9a;28eb1a3f-1c15-4a95-931a-4af90ecb574d;US;DWC_ARCHIVE;2026-04-17T19:39:17.972+00:00;2026-04-18T11:14:18.533+00:00;589;PRESENT;3328320;5;34;186;1499;4171;6005964;3328320;3328320;Amanita;citrina;ACCEPTED;2025-10-19T20:12:49;7;EUROPE;10;19;292;292;2026-01-27T22:33:41.000+00:00;2026-04-18T11:14:18.533+00:00;https://www.inaturalist.org/observations/321911816;http://creativecommons.org/licenses/by-nc/4.0/legalcode;FALSE;321911816;none;none;FALSE;munstie;munstie;WGS84;none;none;EUROPE;Belgium;NORTH_AMERICA;munstie;321911816;munstie;2025-10-19 15:53:39+02:00;Kapucijnenbos, Tervuren, Brabant flamand, BE;6131574466;https://www.inaturalist.org/observations/321911816;63271;wild;321911816;15:53:39+02:00;714580693;Amanita citrina Pers.;NA;NA;NA;NA;NA;NA;NA;NA;NA
Amanita citrina;5938552620;Amanita citrina Pers.;Amanita citrina Pers.;SPECIES;Fungi;Basidiomycota;Agaricomycetes;Agaricales;Amanitaceae;Amanita;Amanita citrina;BE;Vlaanderen;50,839783;4,686025;2025-11-06T15:57:14;2025;HUMAN_OBSERVATION;iNaturalist;Observations;iNaturalist research-grade observations;cdc,cdround;50c9509d-22c7-4a22-a47d-8c48425ef4a7;28eb1a3f-1c15-4a95-931a-4af90ecb574d;997448a8-f762-11e1-a439-00145eb45e9a;28eb1a3f-1c15-4a95-931a-4af90ecb574d;US;DWC_ARCHIVE;2026-04-17T19:39:17.972+00:00;2026-04-18T08:10:18.361+00:00;589;PRESENT;3328320;5;34;186;1499;4171;6005964;3328320;3328320;Amanita;citrina;ACCEPTED;2025-11-07T01:04:42;391;EUROPE;11;6;310;310;2026-01-03T21:32:41.000+00:00;2026-04-18T08:10:18.361+00:00;https://www.inaturalist.org/observations/325269105;http://creativecommons.org/licenses/by-nc/4.0/legalcode;FALSE;325269105;none;none;FALSE;Bernd De Bosscher;Bernd De Bosscher;WGS84;none;none;EUROPE;Belgium;NORTH_AMERICA;Bernd De Bosscher;325269105;biology_student_belgium;2025-11-06 15:57:14;Heverleebos;5938552620;https://www.inaturalist.org/observations/325269105;63271;wild;325269105;15:57:14+01:00;722893388;Amanita citrina Pers.;NA;NA;NA;NA;NA;NA;NA;NA;NA
Amanita citrina;6130305325;Amanita citrina Pers.;Amanita citrina Pers.;SPECIES;Fungi;Basidiomycota;Agaricomycetes;Agaricales;Amanitaceae;Amanita;Amanita citrina;BE;Vlaanderen;51,192326;4,807697;2025-11-05T09:02:56;2025;HUMAN_OBSERVATION;iNaturalist;Observations;iNaturalist research-grade observations;cdc,cdround;50c9509d-22c7-4a22-a47d-8c48425ef4a7;28eb1a3f-1c15-4a95-931a-4af90ecb574d;997448a8-f762-11e1-a439-00145eb45e9a;28eb1a3f-1c15-4a95-931a-4af90ecb574d;US;DWC_ARCHIVE;2026-04-17T19:39:17.972+00:00;2026-04-18T11:14:55.233+00:00;589;PRESENT;3328320;5;34;186;1499;4171;6005964;3328320;3328320;Amanita;citrina;ACCEPTED;2025-11-05T08:03:16;69;EUROPE;11;5;309;309;2026-01-27T20:57:19.000+00:00;2026-04-18T11:14:55.233+00:00;https://www.inaturalist.org/observations/324997143;http://creativecommons.org/licenses/by-nc/4.0/legalcode;FALSE;324997143;none;none;FALSE;merijnvdb;merijnvdb;WGS84;none;none;EUROPE;Belgium;NORTH_AMERICA;merijnvdb;324997143;merijnvdb;Wed Nov 05 2025 09:02:56 GMT +0100 (GMT+1);Herentals;6130305325;https://www.inaturalist.org/observations/324997143;63271;wild;324997143;09:02:56+01:00;722189475;Amanita citrina Pers.;NA;NA;NA;NA;NA;NA;NA;NA;NA
Amanita citrina;4982177719;Amanita citrina Pers.;Amanita citrina Pers.;SPECIES;Fungi;Basidiomycota;Agaricomycetes;Agaricales;Amanitaceae;Amanita;Amanita citrina;BE;Vlaanderen;51,089118;3,392167;2024-09-20T16:01:27;2024;HUMAN_OBSERVATION;iNaturalist;Observations;iNaturalist research-grade observations;cdc,cdround;50c9509d-22c7-4a22-a47d-8c48425ef4a7;28eb1a3f-1c15-4a95-931a-4af90ecb574d;997448a8-f762-11e1-a439-00145eb45e9a;28eb1a3f-1c15-4a95-931a-4af90ecb574d;US;DWC_ARCHIVE;2026-04-17T19:39:17.972+00:00;2026-04-18T07:49:01.532+00:00;589;PRESENT;3328320;5;34;186;1499;4171;6005964;3328320;3328320;Amanita;citrina;ACCEPTED;2024-09-20T21:41:15;NA;EUROPE;9;20;264;264;2025-04-05T00:14:19.000+00:00;2026-04-18T07:49:01.532+00:00;https://www.inaturalist.org/observations/242958143;http://creativecommons.org/licenses/by-nc/4.0/legalcode;FALSE;242958143;none;none;FALSE;Johan Devos;Johan Devos;WGS84;none;none;EUROPE;Belgium;NORTH_AMERICA;Johan Devos;242958143;johan145;2024-09-20 16:01:27;9880 Aalter, België;4982177719;https://www.inaturalist.org/observations/242958143;63271;wild;242958143;16:01:27+02:00;542938307;Amanita citrina Pers.;NA;NA;NA;NA;NA;NA;NA;NA;NA
Amanita citrina;4976291969;Amanita citrina Pers.;Amanita citrina Pers.;SPECIES;Fungi;Basidiomycota;Agaricomycetes;Agaricales;Amanitaceae;Amanita;Amanita citrina;BE;Vlaanderen;50,806380;4,526312;2024-10-27T17:11:11;2024;HUMAN_OBSERVATION;iNaturalist;Observations;iNaturalist research-grade observations;cdc,cdround;50c9509d-22c7-4a22-a47d-8c48425ef4a7;28eb1a3f-1c15-4a95-931a-4af90ecb574d;997448a8-f762-11e1-a439-00145eb45e9a;28eb1a3f-1c15-4a95-931a-4af90ecb574d;US;DWC_ARCHIVE;2026-04-17T19:39:17.972+00:00;2026-04-18T09:30:16.148+00:00;589;PRESENT;3328320;5;34;186;1499;4171;6005964;3328320;3328320;Amanita;citrina;ACCEPTED;2024-10-29T18:48:14;4;EUROPE;10;27;301;301;2025-04-08T07:50:04.000+00:00;2026-04-18T09:30:16.148+00:00;https://www.inaturalist.org/observations/249663371;http://creativecommons.org/licenses/by-nc/4.0/legalcode;FALSE;249663371;none;none;FALSE;munstie;munstie;WGS84;none;none;EUROPE;Belgium;NORTH_AMERICA;munstie;249663371;munstie;2024-10-27 17:11:11+01:00;Kapucijnenbos, Tervuren, Brabant flamand, BE;4976291969;https://www.inaturalist.org/observations/249663371;63271;wild;249663371;17:11:11+01:00;558447451;Amanita citrina Pers.;NA;NA;NA;NA;NA;NA;NA;NA;NA
Amanita citrina;4976368994;Amanita citrina Pers.;Amanita citrina Pers.;SPECIES;Fungi;Basidiomycota;Agaricomycetes;Agaricales;Amanitaceae;Amanita;Amanita citrina;BE;Vlaanderen;50,807608;4,525462;2024-10-27T17:25:26;2024;HUMAN_OBSERVATION;iNaturalist;Observations;iNaturalist research-grade observations;cdc,cdround;50c9509d-22c7-4a22-a47d-8c48425ef4a7;28eb1a3f-1c15-4a95-931a-4af90ecb574d;997448a8-f762-11e1-a439-00145eb45e9a;28eb1a3f-1c15-4a95-931a-4af90ecb574d;US;DWC_ARCHIVE;2026-04-17T19:39:17.972+00:00;2026-04-18T07:50:12.421+00:00;589;PRESENT;3328320;5;34;186;1499;4171;6005964;3328320;3328320;Amanita;citrina;ACCEPTED;2024-10-29T18:40:00;4;EUROPE;10;27;301;301;2024-11-17T11:37:56.000+00:00;2026-04-18T07:50:12.421+00:00;https://www.inaturalist.org/observations/249662712;http://creativecommons.org/licenses/by-nc/4.0/legalcode;FALSE;249662712;none;none;FALSE;munstie;munstie;WGS84;none;none;EUROPE;Belgium;NORTH_AMERICA;munstie;249662712;munstie;2024-10-27 17:25:26+01:00;Kapucijnenbos, Tervuren, Brabant flamand, BE;4976368994;https://www.inaturalist.org/observations/249662712;63271;wild;249662712;17:25:26+01:00;558444603;Amanita citrina Pers.;NA;NA;NA;NA;NA;NA;NA;NA;NA
Amanita citrina;4978169894;Amanita citrina Pers.;Amanita citrina Pers.;SPECIES;Fungi;Basidiomycota;Agaricomycetes;Agaricales;Amanitaceae;Amanita;Amanita citrina;BE;Vlaanderen;50,831105;4,534737;2024-10-17T14:24;2024;HUMAN_OBSERVATION;iNaturalist;Observations;iNaturalist research-grade observations;cdc,cdround;50c9509d-22c7-4a22-a47d-8c48425ef4a7;28eb1a3f-1c15-4a95-931a-4af90ecb574d;997448a8-f762-11e1-a439-00145eb45e9a;28eb1a3f-1c15-4a95-931a-4af90ecb574d;US;DWC_ARCHIVE;2026-04-17T19:39:17.972+00:00;2026-04-18T09:29:41.898+00:00;589;PRESENT;3328320;5;34;186;1499;4171;6005964;3328320;3328320;Amanita;citrina;ACCEPTED;2024-10-17T20:03:41;8;EUROPE;10;17;291;291;2025-04-06T03:01:48.000+00:00;2026-04-18T09:29:41.898+00:00;https://www.inaturalist.org/observations/247811935;http://creativecommons.org/licenses/by-nc/4.0/legalcode;FALSE;247811935;none;none;FALSE;wouterh;wouterh;WGS84;none;none;EUROPE;Belgium;NORTH_AMERICA;wouterh;247811935;wouterh;2024/10/17 2:24 PM;Tervuren, Belgium;4978169894;https://www.inaturalist.org/observations/247811935;63271;wild;247811935;14:24:00+02:00;553604706;Amanita citrina Pers.;NA;NA;NA;NA;NA;NA;NA;NA;NA
Amanita citrina;4978350972;Amanita citrina Pers.;Amanita citrina Pers.;SPECIES;Fungi;Basidiomycota;Agaricomycetes;Agaricales;Amanitaceae;Amanita;Amanita citrina;BE;Vlaanderen;51,037956;4,997353;2024-10-20T13:47:27;2024;HUMAN_OBSERVATION;iNaturalist;Observations;iNaturalist research-grade observations;cdc,cdround;50c9509d-22c7-4a22-a47d-8c48425ef4a7;28eb1a3f-1c15-4a95-931a-4af90ecb574d;997448a8-f762-11e1-a439-00145eb45e9a;28eb1a3f-1c15-4a95-931a-4af90ecb574d;US;DWC_ARCHIVE;2026-04-17T19:39:17.972+00:00;2026-04-18T10:58:11.838+00:00;589;PRESENT;3328320;5;34;186;1499;4171;6005964;3328320;3328320;Amanita;citrina;ACCEPTED;2024-10-30T07:45:38;4;EUROPE;10;20;294;294;2024-11-17T11:37:58.000+00:00;2026-04-18T10:58:11.838+00:00;https://www.inaturalist.org/observations/249731196;http://creativecommons.org/licenses/by-nc/4.0/legalcode;FALSE;249731196;none;none;FALSE;Marleen 61;Marleen 61;WGS84;none;none;EUROPE;Belgium;NORTH_AMERICA;Marleen 61;249731196;marleen61;2024-10-20 13:47:27+02:00;Gerhagen, Tessenderlo, Limburg, BE;4978350972;https://www.inaturalist.org/observations/249731196;63271;wild;249731196;13:47:27+02:00;558682031;Amanita citrina Pers.;NA;NA;NA;NA;NA;NA;NA;NA;NA
Amanita citrina;4982031275;Amanita citrina Pers.;Amanita citrina Pers.;SPECIES;Fungi;Basidiomycota;Agaricomycetes;Agaricales;Amanitaceae;Amanita;Amanita citrina;BE;Vlaanderen;51,129303;5,346045;2024-10-27T11:13:07;2024;HUMAN_OBSERVATION;iNaturalist;Observations;iNaturalist research-grade observations;cdc,cdround;50c9509d-22c7-4a22-a47d-8c48425ef4a7;28eb1a3f-1c15-4a95-931a-4af90ecb574d;997448a8-f762-11e1-a439-00145eb45e9a;28eb1a3f-1c15-4a95-931a-4af90ecb574d;US;DWC_ARCHIVE;2026-04-17T19:39:17.972+00:00;2026-04-18T09:30:13.503+00:00;589;PRESENT;3328320;5;34;186;1499;4171;6005964;3328320;3328320;Amanita;citrina;ACCEPTED;2024-10-28T16:26:53;147;EUROPE;10;27;301;301;2025-04-08T04:10:55.000+00:00;2026-04-18T09:30:13.503+00:00;https://www.inaturalist.org/observations/249514218;http://creativecommons.org/publicdomain/zero/1.0/legalcode;FALSE;249514218;none;none;FALSE;Maaike Verschueren;Maaike Verschueren;WGS84;none;none;EUROPE;Belgium;NORTH_AMERICA;Maaike Verschueren;249514218;maaike5;2024-10-27 11:13:07+01:00;Hechtel-Eksel, Limburg, BE;4982031275;https://www.inaturalist.org/observations/249514218;63271;wild;249514218;11:13:07+01:00;557925414;Amanita citrina Pers.;NA;NA;NA;NA;NA;NA;NA;NA;NA
Amanita citrina;6131274082;Amanita citrina Pers.;Amanita citrina Pers.;SPECIES;Fungi;Basidiomycota;Agaricomycetes;Agaricales;Amanitaceae;Amanita;Amanita citrina;BE;Vlaanderen;51,269011;4,708058;2024-10-05T17:45:26;2024;HUMAN_OBSERVATION;iNaturalist;Observations;iNaturalist research-grade observations;cdc,cdround;50c9509d-22c7-4a22-a47d-8c48425ef4a7;28eb1a3f-1c15-4a95-931a-4af90ecb574d;997448a8-f762-11e1-a439-00145eb45e9a;28eb1a3f-1c15-4a95-931a-4af90ecb574d;US;DWC_ARCHIVE;2026-04-17T19:39:17.972+00:00;2026-04-18T09:55:46.308+00:00;589;PRESENT;3328320;5;34;186;1499;4171;6005964;3328320;3328320;Amanita;citrina;ACCEPTED;2025-10-19T09:56:35;NA;EUROPE;10;5;279;279;2026-01-27T22:44:02.000+00:00;2026-04-18T09:55:46.308+00:00;https://www.inaturalist.org/observations/321801932;http://creativecommons.org/licenses/by-nc/4.0/legalcode;FALSE;321801932;none;none;FALSE;GrungeDimi;GrungeDimi;WGS84;none;none;EUROPE;Belgium;NORTH_AMERICA;GrungeDimi;321801932;grungedimi;2024-10-05 17:45:26;Zoersel, 2980 Zoersel, Belgium;6131274082;https://www.inaturalist.org/observations/321801932;63271;wild;321801932;17:45:26+02:00;714357584;Amanita citrina Pers.;NA;NA;NA;NA;NA;NA;NA;NA;NA
Amanita citrina;4424485702;Amanita citrina Pers.;Amanita citrina Pers.;SPECIES;Fungi;Basidiomycota;Agaricomycetes;Agaricales;Amanitaceae;Amanita;Amanita citrina;BE;Vlaanderen;51,191631;5,432728;2023-10-10T14:47:32;2023;HUMAN_OBSERVATION;iNaturalist;Observations;iNaturalist research-grade observations;cdc,cdround;50c9509d-22c7-4a22-a47d-8c48425ef4a7;28eb1a3f-1c15-4a95-931a-4af90ecb574d;997448a8-f762-11e1-a439-00145eb45e9a;28eb1a3f-1c15-4a95-931a-4af90ecb574d;US;DWC_ARCHIVE;2026-04-17T19:39:17.972+00:00;2026-04-18T10:44:05.566+00:00;589;PRESENT;3328320;5;34;186;1499;4171;6005964;3328320;3328320;Amanita;citrina;ACCEPTED;2023-10-10T15:30:05;40;EUROPE;10;10;283;283;2024-11-17T11:38:47.000+00:00;2026-04-18T10:44:05.566+00:00;https://www.inaturalist.org/observations/187000974;http://creativecommons.org/licenses/by/4.0/legalcode;FALSE;187000974;none;none;FALSE;Quirijn V;Quirijn V;WGS84;none;none;EUROPE;Belgium;NORTH_AMERICA;Quirijn V;187000974;quirijnvds;2023-10-10 14:47:32;3900 Pelt, België;4424485702;https://www.inaturalist.org/observations/187000974;63271;wild;187000974;14:47:32+02:00;416518583;Amanita citrina Pers.;NA;NA;NA;NA;NA;NA;NA;NA;NA
Amanita citrina;4431132399;Amanita citrina Pers.;Amanita citrina Pers.;SPECIES;Fungi;Basidiomycota;Agaricomycetes;Agaricales;Amanitaceae;Amanita;Amanita citrina;BE;Vlaanderen;51,050186;5,030536;2023-10-15T14:19:22;2023;HUMAN_OBSERVATION;iNaturalist;Observations;iNaturalist research-grade observations;cdc;50c9509d-22c7-4a22-a47d-8c48425ef4a7;28eb1a3f-1c15-4a95-931a-4af90ecb574d;997448a8-f762-11e1-a439-00145eb45e9a;28eb1a3f-1c15-4a95-931a-4af90ecb574d;US;DWC_ARCHIVE;2026-04-17T19:39:17.972+00:00;2026-04-18T09:37:50.413+00:00;589;PRESENT;3328320;5;34;186;1499;4171;6005964;3328320;3328320;Amanita;citrina;ACCEPTED;2023-10-15T12:20:31;NA;EUROPE;10;15;288;288;2024-11-17T11:45:48.000+00:00;2026-04-18T09:37:50.413+00:00;https://www.inaturalist.org/observations/187622104;http://creativecommons.org/licenses/by-nc/4.0/legalcode;FALSE;187622104;none;none;FALSE;wintovka;wintovka;WGS84;none;none;EUROPE;Belgium;NORTH_AMERICA;wintovka;187622104;wintovka;2023-10-15 14:19:22;3980 Tessenderlo, België;4431132399;https://www.inaturalist.org/observations/187622104;63271;wild;187622104;14:19:22+02:00;417966563;Amanita citrina Pers.;NA;NA;NA;NA;NA;NA;NA;NA;NA
Amanita citrina;4945901623;Amanita citrina Pers.;Amanita citrina Pers.;SPECIES;Fungi;Basidiomycota;Agaricomycetes;Agaricales;Amanitaceae;Amanita;Amanita citrina;BE;Vlaanderen;50,929125;4,872300;2023-10-29T15:33:52;2023;HUMAN_OBSERVATION;iNaturalist;Observations;iNaturalist research-grade observations;cdc,cdround;50c9509d-22c7-4a22-a47d-8c48425ef4a7;28eb1a3f-1c15-4a95-931a-4af90ecb574d;997448a8-f762-11e1-a439-00145eb45e9a;28eb1a3f-1c15-4a95-931a-4af90ecb574d;US;DWC_ARCHIVE;2026-04-17T19:39:17.972+00:00;2026-04-18T07:35:01.964+00:00;589;PRESENT;3328320;5;34;186;1499;4171;6005964;3328320;3328320;Amanita;citrina;ACCEPTED;2023-10-30T07:34:53;2719;EUROPE;10;29;302;302;2024-11-17T11:44:03.000+00:00;2026-04-18T07:35:01.964+00:00;https://www.inaturalist.org/observations/189353162;http://creativecommons.org/licenses/by-nc/4.0/legalcode;FALSE;189353162;none;none;FALSE;ericia;ericia;WGS84;none;none;EUROPE;Belgium;NORTH_AMERICA;ericia;189353162;ericia;2023-10-29 15:33:52;3390 Tielt-Winge, België;4945901623;https://www.inaturalist.org/observations/189353162;63271;wild;189353162;15:33:52+01:00;422601886;Amanita citrina Pers.;NA;NA;NA;NA;NA;NA;NA;NA;NA
Amanita citrina;4945930290;Amanita citrina Pers.;Amanita citrina Pers.;SPECIES;Fungi;Basidiomycota;Agaricomycetes;Agaricales;Amanitaceae;Amanita;Amanita citrina;BE;Vlaanderen;51,067834;5,672772;2023-10-25T10:03;2023;HUMAN_OBSERVATION;iNaturalist;Observations;iNaturalist research-grade observations;cdc,cdround;50c9509d-22c7-4a22-a47d-8c48425ef4a7;28eb1a3f-1c15-4a95-931a-4af90ecb574d;997448a8-f762-11e1-a439-00145eb45e9a;28eb1a3f-1c15-4a95-931a-4af90ecb574d;US;DWC_ARCHIVE;2026-04-17T19:39:17.972+00:00;2026-04-18T07:34:27.677+00:00;589;PRESENT;3328320;5;34;186;1499;4171;6005964;3328320;3328320;Amanita;citrina;ACCEPTED;2023-10-25T11:21:21;NA;EUROPE;10;25;298;298;2024-11-17T11:38:20.000+00:00;2026-04-18T07:34:27.677+00:00;https://www.inaturalist.org/observations/188883275;http://creativecommons.org/licenses/by-nc/4.0/legalcode;FALSE;188883275;none;none;FALSE;daywalker_84;daywalker_84;WGS84;none;none;EUROPE;Belgium;NORTH_AMERICA;daywalker_84;188883275;daywalker_84;2023/10/25 10:03;3680 Maaseik, België;4945930290;https://www.inaturalist.org/observations/188883275;63271;wild;188883275;10:03:00+02:00;421062538;Amanita citrina Pers.;NA;NA;NA;NA;NA;NA;NA;NA;NA
Amanita citrina;4946284575;Amanita citrina Pers.;Amanita citrina Pers.;SPECIES;Fungi;Basidiomycota;Agaricomycetes;Agaricales;Amanitaceae;Amanita;Amanita citrina;BE;Vlaanderen;50,945639;3,714542;2023-10-29T12:01:39;2023;HUMAN_OBSERVATION;iNaturalist;Observations;iNaturalist research-grade observations;cdc,cdround;50c9509d-22c7-4a22-a47d-8c48425ef4a7;28eb1a3f-1c15-4a95-931a-4af90ecb574d;997448a8-f762-11e1-a439-00145eb45e9a;28eb1a3f-1c15-4a95-931a-4af90ecb574d;US;DWC_ARCHIVE;2026-04-17T19:39:17.972+00:00;2026-04-18T07:34:34.609+00:00;589;PRESENT;3328320;5;34;186;1499;4171;6005964;3328320;3328320;Amanita;citrina;ACCEPTED;2023-10-29T11:02:50;3;EUROPE;10;29;302;302;2024-11-17T11:38:40.000+00:00;2026-04-18T07:34:34.609+00:00;https://www.inaturalist.org/observations/189333727;http://creativecommons.org/publicdomain/zero/1.0/legalcode;FALSE;189333727;none;none;FALSE;Dimitri Brosens;Dimitri Brosens;WGS84;none;none;EUROPE;Belgium;NORTH_AMERICA;Dimitri Brosens;189333727;dimitribrosens;2023-10-29 12:01:39;9820 Merelbeke, België;4946284575;https://www.inaturalist.org/observations/189333727;63271;wild;189333727;12:01:39+01:00;422196467;Amanita citrina Pers.;NA;NA;NA;NA;NA;NA;NA;NA;NA
Amanita citrina;4946330552;Amanita citrina Pers.;Amanita citrina Pers.;SPECIES;Fungi;Basidiomycota;Agaricomycetes;Agaricales;Amanitaceae;Amanita;Amanita citrina;BE;Vlaanderen;50,944053;3,714092;2023-10-29T12:02:16;2023;HUMAN_OBSERVATION;iNaturalist;Observations;iNaturalist research-grade observations;cdc,cdround;50c9509d-22c7-4a22-a47d-8c48425ef4a7;28eb1a3f-1c15-4a95-931a-4af90ecb574d;997448a8-f762-11e1-a439-00145eb45e9a;28eb1a3f-1c15-4a95-931a-4af90ecb574d;US;DWC_ARCHIVE;2026-04-17T19:39:17.972+00:00;2026-04-18T10:44:35.917+00:00;589;PRESENT;3328320;5;34;186;1499;4171;6005964;3328320;3328320;Amanita;citrina;ACCEPTED;2023-10-29T12:02:53;4270;EUROPE;10;29;302;302;2024-11-17T11:38:14.000+00:00;2026-04-18T10:44:35.917+00:00;https://www.inaturalist.org/observations/189338287;http://creativecommons.org/publicdomain/zero/1.0/legalcode;FALSE;189338287;none;none;FALSE;Maaike Verschueren;Maaike Verschueren;WGS84;none;none;EUROPE;Belgium;NORTH_AMERICA;Maaike Verschueren;189338287;maaike5;2023-10-29 12:02:16+01:00;Merelbeke, Oost-Vlaanderen, BE;4946330552;https://www.inaturalist.org/observations/189338287;63271;wild;189338287;12:02:16+01:00;422208909;Amanita citrina Pers.;NA;NA;NA;NA;NA;NA;NA;NA;NA
Amanita citrina;4946370544;Amanita citrina Pers.;Amanita citrina Pers.;SPECIES;Fungi;Basidiomycota;Agaricomycetes;Agaricales;Amanitaceae;Amanita;Amanita citrina;BE;Vlaanderen;50,945947;3,714751;2023-10-29T12:02:58;2023;HUMAN_OBSERVATION;iNaturalist;Observations;iNaturalist research-grade observations;cdc,cdround;50c9509d-22c7-4a22-a47d-8c48425ef4a7;28eb1a3f-1c15-4a95-931a-4af90ecb574d;997448a8-f762-11e1-a439-00145eb45e9a;28eb1a3f-1c15-4a95-931a-4af90ecb574d;US;DWC_ARCHIVE;2026-04-17T19:39:17.972+00:00;2026-04-18T07:34:30.373+00:00;589;PRESENT;3328320;5;34;186;1499;4171;6005964;3328320;3328320;Amanita;citrina;ACCEPTED;2023-10-29T11:03:24;3;EUROPE;10;29;302;302;2024-11-17T11:38:15.000+00:00;2026-04-18T07:34:30.373+00:00;https://www.inaturalist.org/observations/189333756;http://creativecommons.org/publicdomain/zero/1.0/legalcode;FALSE;189333756;none;none;FALSE;Dimitri Brosens;Dimitri Brosens;WGS84;none;none;EUROPE;Belgium;NORTH_AMERICA;Dimitri Brosens;189333756;dimitribrosens;2023-10-29 12:02:58;Oost-Vlaanderen, Vlaanderen, BE;4946370544;https://www.inaturalist.org/observations/189333756;63271;wild;189333756;12:02:58+01:00;422196567;Amanita citrina Pers.;NA;NA;NA;NA;NA;NA;NA;NA;NA
Amanita citrina;4946606927;Amanita citrina Pers.;Amanita citrina Pers.;SPECIES;Fungi;Basidiomycota;Agaricomycetes;Agaricales;Amanitaceae;Amanita;Amanita citrina;BE;Vlaanderen;50,925374;4,863128;2023-10-29T12:32:40;2023;HUMAN_OBSERVATION;iNaturalist;Observations;iNaturalist research-grade observations;cdc,cdround;50c9509d-22c7-4a22-a47d-8c48425ef4a7;28eb1a3f-1c15-4a95-931a-4af90ecb574d;997448a8-f762-11e1-a439-00145eb45e9a;28eb1a3f-1c15-4a95-931a-4af90ecb574d;US;DWC_ARCHIVE;2026-04-17T19:39:17.972+00:00;2026-04-18T09:11:01.158+00:00;589;PRESENT;3328320;5;34;186;1499;4171;6005964;3328320;3328320;Amanita;citrina;ACCEPTED;2023-10-29T11:33:16;8;EUROPE;10;29;302;302;2024-11-17T11:44:01.000+00:00;2026-04-18T09:11:01.158+00:00;https://www.inaturalist.org/observations/189335844;http://creativecommons.org/licenses/by-nc/4.0/legalcode;FALSE;189335844;none;none;FALSE;ericia;ericia;WGS84;none;none;EUROPE;Belgium;NORTH_AMERICA;ericia;189335844;ericia;2023-10-29 12:32:40;3390 Tielt-Winge, België;4946606927;https://www.inaturalist.org/observations/189335844;63271;wild;189335844;12:32:40+01:00;422201336;Amanita citrina Pers.;NA;NA;NA;NA;NA;NA;NA;NA;NA
Amanita citrina;3925363350;Amanita citrina Pers.;Amanita citrina Pers.;SPECIES;Fungi;Basidiomycota;Agaricomycetes;Agaricales;Amanitaceae;Amanita;Amanita citrina;BE;Vlaanderen;50,805713;4,513842;2022-10-08T17:15:17;2022;HUMAN_OBSERVATION;iNaturalist;Observations;iNaturalist research-grade observations;cdc,cdround;50c9509d-22c7-4a22-a47d-8c48425ef4a7;28eb1a3f-1c15-4a95-931a-4af90ecb574d;997448a8-f762-11e1-a439-00145eb45e9a;28eb1a3f-1c15-4a95-931a-4af90ecb574d;US;DWC_ARCHIVE;2026-04-17T19:39:17.972+00:00;2026-04-18T08:54:10.542+00:00;589;PRESENT;3328320;5;34;186;1499;4171;6005964;3328320;3328320;Amanita;citrina;ACCEPTED;2022-10-09T08:03:59;6;EUROPE;10;8;281;281;2024-11-17T11:42:08.000+00:00;2026-04-18T08:54:10.542+00:00;https://www.inaturalist.org/observations/138087931;http://creativecommons.org/licenses/by-nc/4.0/legalcode;FALSE;138087931;none;none;FALSE;munstie;munstie;WGS84;none;none;EUROPE;Belgium;NORTH_AMERICA;munstie;138087931;munstie;2022-10-08 17:15:17+02:00;Bois des Capucins, Tervuren, Le Brabant flamand, BE;3925363350;https://www.inaturalist.org/observations/138087931;63271;wild;138087931;17:15:17+02:00;304328909;Amanita citrina Pers.;NA;NA;NA;NA;NA;NA;NA;NA;NA
Amanita citrina;3947691913;Amanita citrina Pers.;Amanita citrina Pers.;SPECIES;Fungi;Basidiomycota;Agaricomycetes;Agaricales;Amanitaceae;Amanita;Amanita citrina;BE;Vlaanderen;51,127247;4,711722;2022-10-18T15:07:23;2022;HUMAN_OBSERVATION;iNaturalist;Observations;iNaturalist research-grade observations;cdc,cdround;50c9509d-22c7-4a22-a47d-8c48425ef4a7;28eb1a3f-1c15-4a95-931a-4af90ecb574d;997448a8-f762-11e1-a439-00145eb45e9a;28eb1a3f-1c15-4a95-931a-4af90ecb574d;US;DWC_ARCHIVE;2026-04-17T19:39:17.972+00:00;2026-04-18T08:54:28.470+00:00;589;PRESENT;3328320;5;34;186;1499;4171;6005964;3328320;3328320;Amanita;citrina;ACCEPTED;2022-10-18T13:08:16;5;EUROPE;10;18;291;291;2024-11-17T11:48:26.000+00:00;2026-04-18T08:54:28.470+00:00;https://www.inaturalist.org/observations/139222314;http://creativecommons.org/licenses/by-nc/4.0/legalcode;FALSE;139222314;none;none;FALSE;glenngios;glenngios;WGS84;none;none;EUROPE;Belgium;NORTH_AMERICA;glenngios;139222314;glenngios;2022-10-18 15:07:23+02:00;Bevel, Nijlen, Antwerpen, BE;3947691913;https://www.inaturalist.org/observations/139222314;63271;wild;139222314;15:07:23+02:00;306867541;Amanita citrina Pers.;NA;NA;NA;NA;NA;NA;NA;NA;NA
Amanita citrina;3947695196;Amanita citrina Pers.;Amanita citrina Pers.;SPECIES;Fungi;Basidiomycota;Agaricomycetes;Agaricales;Amanitaceae;Amanita;Amanita citrina;BE;Vlaanderen;51,145734;3,464595;2022-10-12T16:19:51;2022;HUMAN_OBSERVATION;iNaturalist;Observations;iNaturalist research-grade observations;cdc,cdround;50c9509d-22c7-4a22-a47d-8c48425ef4a7;28eb1a3f-1c15-4a95-931a-4af90ecb574d;997448a8-f762-11e1-a439-00145eb45e9a;28eb1a3f-1c15-4a95-931a-4af90ecb574d;US;DWC_ARCHIVE;2026-04-17T19:39:17.972+00:00;2026-04-18T09:18:28.620+00:00;589;PRESENT;3328320;5;34;186;1499;4171;6005964;3328320;3328320;Amanita;citrina;ACCEPTED;2022-10-13T07:33:05;NA;EUROPE;10;12;285;285;2024-11-17T11:42:15.000+00:00;2026-04-18T09:18:28.620+00:00;https://www.inaturalist.org/observations/138588743;http://creativecommons.org/licenses/by-nc/4.0/legalcode;FALSE;138588743;none;none;FALSE;Johan Devos;Johan Devos;WGS84;none;none;EUROPE;Belgium;NORTH_AMERICA;Johan Devos;138588743;johan145;2022-10-12 16:19:51;Ursel, 9910 Aalter, België;3947695196;https://www.inaturalist.org/observations/138588743;63271;wild;138588743;16:19:51+02:00;305463966;Amanita citrina Pers.;NA;NA;NA;NA;NA;NA;NA;NA;NA
Amanita citrina;4137755613;Amanita citrina Pers.;Amanita citrina Pers.;SPECIES;Fungi;Basidiomycota;Agaricomycetes;Agaricales;Amanitaceae;Amanita;Amanita citrina;BE;Vlaanderen;51,210598;3,261124;2022-10-29T15:40:06;2022;HUMAN_OBSERVATION;iNaturalist;Observations;iNaturalist research-grade observations;cdc,cdround;50c9509d-22c7-4a22-a47d-8c48425ef4a7;28eb1a3f-1c15-4a95-931a-4af90ecb574d;997448a8-f762-11e1-a439-00145eb45e9a;28eb1a3f-1c15-4a95-931a-4af90ecb574d;US;DWC_ARCHIVE;2026-04-17T19:39:17.972+00:00;2026-04-18T08:54:47.723+00:00;589;PRESENT;3328320;5;34;186;1499;4171;6005964;3328320;3328320;Amanita;citrina;ACCEPTED;2022-10-29T14:40:17;NA;EUROPE;10;29;302;302;2024-11-17T11:42:35.000+00:00;2026-04-18T08:54:47.723+00:00;https://www.inaturalist.org/observations/140381589;http://creativecommons.org/licenses/by-nc/4.0/legalcode;FALSE;140381589;none;none;FALSE;Johan Devos;Johan Devos;WGS84;none;none;EUROPE;Belgium;NORTH_AMERICA;Johan Devos;140381589;johan145;2022-10-29 15:40:06;8310 Brugge, België;4137755613;https://www.inaturalist.org/observations/140381589;63271;wild;140381589;15:40:06+02:00;309636903;Amanita citrina Pers.;NA;NA;NA;NA;NA;NA;NA;NA;NA
Amanita citrina;4606544998;Amanita citrina Pers.;Amanita citrina Pers.;SPECIES;Fungi;Basidiomycota;Agaricomycetes;Agaricales;Amanitaceae;Amanita;Amanita citrina;BE;Vlaanderen;50,805247;4,526958;2022-10-08T18:03:53;2022;HUMAN_OBSERVATION;iNaturalist;Observations;iNaturalist research-grade observations;cdc,cdround;50c9509d-22c7-4a22-a47d-8c48425ef4a7;28eb1a3f-1c15-4a95-931a-4af90ecb574d;997448a8-f762-11e1-a439-00145eb45e9a;28eb1a3f-1c15-4a95-931a-4af90ecb574d;US;DWC_ARCHIVE;2026-04-17T19:39:17.972+00:00;2026-04-18T10:33:00.590+00:00;589;PRESENT;3328320;5;34;186;1499;4171;6005964;3328320;3328320;Amanita;citrina;ACCEPTED;2022-10-08T23:17:44;5;EUROPE;10;8;281;281;2024-11-17T11:42:06.000+00:00;2026-04-18T10:33:00.590+00:00;https://www.inaturalist.org/observations/138048228;http://creativecommons.org/licenses/by-nc/4.0/legalcode;FALSE;138048228;none;none;FALSE;munstie;munstie;WGS84;none;none;EUROPE;Belgium;NORTH_AMERICA;munstie;138048228;munstie;2022-10-08 18:03:53+02:00;Bois des Capucins, Tervuren, Le Brabant flamand, BE;4606544998;https://www.inaturalist.org/observations/138048228;63271;wild;138048228;18:03:53+02:00;304236407;Amanita citrina Pers.;NA;NA;NA;NA;NA;NA;NA;NA;NA
Amanita citrina;4946018339;Amanita citrina Pers.;Amanita citrina Pers.;SPECIES;Fungi;Basidiomycota;Agaricomycetes;Agaricales;Amanitaceae;Amanita;Amanita citrina;BE;Vlaanderen;51,105131;3,301195;2022-10-22T16:02:53;2022;HUMAN_OBSERVATION;iNaturalist;Observations;iNaturalist research-grade observations;cdc,cdround;50c9509d-22c7-4a22-a47d-8c48425ef4a7;28eb1a3f-1c15-4a95-931a-4af90ecb574d;997448a8-f762-11e1-a439-00145eb45e9a;28eb1a3f-1c15-4a95-931a-4af90ecb574d;US;DWC_ARCHIVE;2026-04-17T19:39:17.972+00:00;2026-04-18T10:33:22.041+00:00;589;PRESENT;3328320;5;34;186;1499;4171;6005964;3328320;3328320;Amanita;citrina;ACCEPTED;2022-10-22T14:03:29;4;EUROPE;10;22;295;295;2024-11-17T11:42:24.000+00:00;2026-04-18T10:33:22.041+00:00;https://www.inaturalist.org/observations/139625988;http://creativecommons.org/publicdomain/zero/1.0/legalcode;FALSE;139625988;none;none;FALSE;Tanja Milotić;Tanja Milotić;WGS84;NA;NA;EUROPE;Belgium;NORTH_AMERICA;Tanja Milotić;139625988;milotictanja;2022-10-22 16:02:53+02:00;Beernem, Beernem, West-Vlaanderen, BE;4946018339;https://www.inaturalist.org/observations/139625988;63271;wild;139625988;16:02:53+02:00;307836782;Amanita citrina Pers.;ORCID;https://orcid.org/0000-0002-3129-6196;ORCID;https://orcid.org/0000-0002-3129-6196;NA;NA;NA;NA;NA
Amanita citrina;4946225099;Amanita citrina Pers.;Amanita citrina Pers.;SPECIES;Fungi;Basidiomycota;Agaricomycetes;Agaricales;Amanitaceae;Amanita;Amanita citrina;BE;Vlaanderen;51,210600;3,261157;2022-10-29T15:41;2022;HUMAN_OBSERVATION;iNaturalist;Observations;iNaturalist research-grade observations;cdc,cdround;50c9509d-22c7-4a22-a47d-8c48425ef4a7;28eb1a3f-1c15-4a95-931a-4af90ecb574d;997448a8-f762-11e1-a439-00145eb45e9a;28eb1a3f-1c15-4a95-931a-4af90ecb574d;US;DWC_ARCHIVE;2026-04-17T19:39:17.972+00:00;2026-04-18T10:33:31.643+00:00;589;PRESENT;3328320;5;34;186;1499;4171;6005964;3328320;3328320;Amanita;citrina;ACCEPTED;2022-10-29T14:39:11;NA;EUROPE;10;29;302;302;2024-11-17T11:42:33.000+00:00;2026-04-18T10:33:31.643+00:00;https://www.inaturalist.org/observations/140381461;http://creativecommons.org/licenses/by-nc/4.0/legalcode;FALSE;140381461;none;none;FALSE;Johan Devos;Johan Devos;WGS84;none;none;EUROPE;Belgium;NORTH_AMERICA;Johan Devos;140381461;johan145;2022-10-29 15:41:00;8310 Brugge, België;4946225099;https://www.inaturalist.org/observations/140381461;63271;wild;140381461;15:41:00+02:00;309636666;Amanita citrina Pers.;NA;NA;NA;NA;NA;NA;NA;NA;NA
Amanita citrina;4946274508;Amanita citrina Pers.;Amanita citrina Pers.;SPECIES;Fungi;Basidiomycota;Agaricomycetes;Agaricales;Amanitaceae;Amanita;Amanita citrina;BE;Vlaanderen;50,805275;4,526887;2022-10-08T18:04:40;2022;HUMAN_OBSERVATION;iNaturalist;Observations;iNaturalist research-grade observations;cdc,cdround;50c9509d-22c7-4a22-a47d-8c48425ef4a7;28eb1a3f-1c15-4a95-931a-4af90ecb574d;997448a8-f762-11e1-a439-00145eb45e9a;28eb1a3f-1c15-4a95-931a-4af90ecb574d;US;DWC_ARCHIVE;2026-04-17T19:39:17.972+00:00;2026-04-18T07:21:27.882+00:00;589;PRESENT;3328320;5;34;186;1499;4171;6005964;3328320;3328320;Amanita;citrina;ACCEPTED;2022-10-08T23:17:25;5;EUROPE;10;8;281;281;2024-11-17T11:42:05.000+00:00;2026-04-18T07:21:27.882+00:00;https://www.inaturalist.org/observations/138048202;http://creativecommons.org/licenses/by-nc/4.0/legalcode;FALSE;138048202;none;none;FALSE;munstie;munstie;WGS84;none;none;EUROPE;Belgium;NORTH_AMERICA;munstie;138048202;munstie;2022-10-08 18:04:40+02:00;Bois des Capucins, Tervuren, Le Brabant flamand, BE;4946274508;https://www.inaturalist.org/observations/138048202;63271;wild;138048202;18:04:40+02:00;304236346;Amanita citrina Pers.;NA;NA;NA;NA;NA;NA;NA;NA;NA
Amanita citrina;4946391502;Amanita citrina Pers.;Amanita citrina Pers.;SPECIES;Fungi;Basidiomycota;Agaricomycetes;Agaricales;Amanitaceae;Amanita;Amanita citrina;BE;Vlaanderen;50,804808;4,512900;2022-10-08T17:08:04;2022;HUMAN_OBSERVATION;iNaturalist;Observations;iNaturalist research-grade observations;cdc,cdround;50c9509d-22c7-4a22-a47d-8c48425ef4a7;28eb1a3f-1c15-4a95-931a-4af90ecb574d;997448a8-f762-11e1-a439-00145eb45e9a;28eb1a3f-1c15-4a95-931a-4af90ecb574d;US;DWC_ARCHIVE;2026-04-17T19:39:17.972+00:00;2026-04-18T08:54:15.640+00:00;589;PRESENT;3328320;5;34;186;1499;4171;6005964;3328320;3328320;Amanita;citrina;ACCEPTED;2022-10-09T08:07:20;5;EUROPE;10;8;281;281;2024-11-17T11:42:09.000+00:00;2026-04-18T08:54:15.640+00:00;https://www.inaturalist.org/observations/138088071;http://creativecommons.org/licenses/by-nc/4.0/legalcode;FALSE;138088071;none;none;FALSE;munstie;munstie;WGS84;none;none;EUROPE;Belgium;NORTH_AMERICA;munstie;138088071;munstie;2022-10-08 17:08:04+02:00;Bois des Capucins, Tervuren, Le Brabant flamand, BE;4946391502;https://www.inaturalist.org/observations/138088071;63271;wild;138088071;17:08:04+02:00;304329298;Amanita citrina Pers.;NA;NA;NA;NA;NA;NA;NA;NA;NA
Amanita citrina;4946409502;Amanita citrina Pers.;Amanita citrina Pers.;SPECIES;Fungi;Basidiomycota;Agaricomycetes;Agaricales;Amanitaceae;Amanita;Amanita citrina;BE;Vlaanderen;51,339212;4,438413;2022-10-06T15:13:55;2022;HUMAN_OBSERVATION;iNaturalist;Observations;iNaturalist research-grade observations;cdc,cdround;50c9509d-22c7-4a22-a47d-8c48425ef4a7;28eb1a3f-1c15-4a95-931a-4af90ecb574d;997448a8-f762-11e1-a439-00145eb45e9a;28eb1a3f-1c15-4a95-931a-4af90ecb574d;US;DWC_ARCHIVE;2026-04-17T19:39:17.972+00:00;2026-04-18T07:21:26.094+00:00;589;PRESENT;3328320;5;34;186;1499;4171;6005964;3328320;3328320;Amanita;citrina;ACCEPTED;2022-10-07T11:07:57;4;EUROPE;10;6;279;279;2024-09-08T16:54:29.000+00:00;2026-04-18T07:21:26.094+00:00;https://www.inaturalist.org/observations/137846447;http://creativecommons.org/licenses/by-nc/4.0/legalcode;FALSE;137846447;none;none;FALSE;cpermeke;cpermeke;WGS84;none;none;EUROPE;Belgium;NORTH_AMERICA;cpermeke;137846447;cpermeke;2022-10-06 15:13:55+02:00;Mastenbos, Kapellen, Antwerpen, BE;4946409502;https://www.inaturalist.org/observations/137846447;63271;wild;137846447;15:13:55+02:00;303802485;Amanita citrina Pers.;NA;NA;NA;NA;NA;NA;NA;NA;NA
Amanita citrina;3327775183;Amanita citrina Pers.;Amanita citrina Pers.;SPECIES;Fungi;Basidiomycota;Agaricomycetes;Agaricales;Amanitaceae;Amanita;Amanita citrina;BE;Vlaanderen;51,332024;4,653798;2021-07-12T13:45:56;2021;HUMAN_OBSERVATION;iNaturalist;Observations;iNaturalist research-grade observations;cdc,cdround;50c9509d-22c7-4a22-a47d-8c48425ef4a7;28eb1a3f-1c15-4a95-931a-4af90ecb574d;997448a8-f762-11e1-a439-00145eb45e9a;28eb1a3f-1c15-4a95-931a-4af90ecb574d;US;DWC_ARCHIVE;2026-04-17T19:39:17.972+00:00;2026-04-18T08:48:45.217+00:00;589;PRESENT;3328320;5;34;186;1499;4171;6005964;3328320;3328320;Amanita;citrina;ACCEPTED;2021-07-12T14:41:35;230;EUROPE;7;12;193;193;2021-07-12T21:28:33.000+00:00;2026-04-18T08:48:45.217+00:00;https://www.inaturalist.org/observations/86717877;http://creativecommons.org/licenses/by-nc/4.0/legalcode;FALSE;86717877;none;none;FALSE;Bob;Bob;WGS84;none;none;EUROPE;Belgium;NORTH_AMERICA;Bob;86717877;safflet;2021-07-12 13:45:56;Kooldries - Hoofsweer;3327775183;https://www.inaturalist.org/observations/86717877;63271;wild;86717877;13:45:56+02:00;190433221;Amanita citrina Pers.;NA;NA;NA;NA;NA;NA;NA;NA;NA
Amanita citrina;5868041057;Amanita citrina Pers.;Amanita citrina Pers.;SPECIES;Fungi;Basidiomycota;Agaricomycetes;Agaricales;Amanitaceae;Amanita;Amanita citrina;BE;Vlaanderen;51,127432;5,235517;2021-08-13T06:47;2021;HUMAN_OBSERVATION;iNaturalist;Observations;iNaturalist research-grade observations;cdc,cdround;50c9509d-22c7-4a22-a47d-8c48425ef4a7;28eb1a3f-1c15-4a95-931a-4af90ecb574d;997448a8-f762-11e1-a439-00145eb45e9a;28eb1a3f-1c15-4a95-931a-4af90ecb574d;US;DWC_ARCHIVE;2026-04-17T19:39:17.972+00:00;2026-04-18T07:07:29.062+00:00;589;PRESENT;3328320;5;34;186;1499;4171;6005964;3328320;3328320;Amanita;citrina;ACCEPTED;2025-10-15T20:01:59;31;EUROPE;8;13;225;225;2025-10-16T00:28:05.000+00:00;2026-04-18T07:07:29.062+00:00;https://www.inaturalist.org/observations/91263154;http://creativecommons.org/licenses/by-nc/4.0/legalcode;FALSE;91263154;none;none;FALSE;Coronado Govaerts;Michel Langeveld;WGS84;none;none;EUROPE;Belgium;NORTH_AMERICA;Coronado Govaerts;91263154;coronadogim;2021/08/13 6:47 AM CDT;Leopoldsburg, Bélgica;5868041057;https://www.inaturalist.org/observations/91263154;63271;wild;91263154;06:47:00-05:00;712735126;Amanita citrina Pers.;NA;NA;NA;NA;NA;NA;NA;NA;NA
Amanita citrina;4102714376;Amanita citrina Pers.;Amanita citrina Pers.;SPECIES;Fungi;Basidiomycota;Agaricomycetes;Agaricales;Amanitaceae;Amanita;Amanita citrina;BE;Vlaanderen;50,800521;4,706472;2021-09-24T10:09:14;2021;HUMAN_OBSERVATION;iNaturalist;Observations;iNaturalist research-grade observations;cdc,cdround;50c9509d-22c7-4a22-a47d-8c48425ef4a7;28eb1a3f-1c15-4a95-931a-4af90ecb574d;997448a8-f762-11e1-a439-00145eb45e9a;28eb1a3f-1c15-4a95-931a-4af90ecb574d;US;DWC_ARCHIVE;2026-04-17T19:39:17.972+00:00;2026-04-18T07:08:57.374+00:00;589;PRESENT;3328320;5;34;186;1499;4171;6005964;3328320;3328320;Amanita;citrina;ACCEPTED;2023-01-31T04:15:02;NA;EUROPE;9;24;267;267;2024-11-17T11:40:23.000+00:00;2026-04-18T07:08:57.374+00:00;https://www.inaturalist.org/observations/95947804;http://creativecommons.org/licenses/by-nc/4.0/legalcode;FALSE;95947804;none;none;FALSE;Julien;Nicolas Schwab;WGS84;none;NA;EUROPE;Belgium;NORTH_AMERICA;Julien;95947804;julienlepiaf;2021-09-24 10:09:14;BIERBEEK Sint-Theresiakapel, 3360 Bierbeek, Belgique;4102714376;https://www.inaturalist.org/observations/95947804;63271;wild;95947804;10:09:14+02:00;330841443;Amanita citrina Pers.;NA;NA;ORCID;https://orcid.org/0000-0002-7186-8195;NA;NA;NA;NA;NA
Amanita citrina;3398659245;Amanita citrina Pers.;Amanita citrina Pers.;SPECIES;Fungi;Basidiomycota;Agaricomycetes;Agaricales;Amanitaceae;Amanita;Amanita citrina;BE;Vlaanderen;50,814514;4,456807;2021-10-17T18:04:50;2021;HUMAN_OBSERVATION;iNaturalist;Observations;iNaturalist research-grade observations;cdc,cdround;50c9509d-22c7-4a22-a47d-8c48425ef4a7;28eb1a3f-1c15-4a95-931a-4af90ecb574d;997448a8-f762-11e1-a439-00145eb45e9a;28eb1a3f-1c15-4a95-931a-4af90ecb574d;US;DWC_ARCHIVE;2026-04-17T19:39:17.972+00:00;2026-04-18T07:09:30.640+00:00;589;PRESENT;3328320;5;34;186;1499;4171;6005964;3328320;3328320;Amanita;citrina;ACCEPTED;2021-10-17T16:06:39;9;EUROPE;10;17;290;290;2025-05-20T01:26:52.000+00:00;2026-04-18T07:09:30.640+00:00;https://www.inaturalist.org/observations/98501118;http://creativecommons.org/licenses/by-nc/4.0/legalcode;FALSE;98501118;none;none;FALSE;munstie;munstie;WGS84;none;none;EUROPE;Belgium;NORTH_AMERICA;munstie;98501118;munstie;Sun Oct 17 2021 18:04:50 GMT+0200 (GMT+2);Bois des Capucins, Tervuren, Le Brabant flamand, BE;3398659245;https://www.inaturalist.org/observations/98501118;63271;wild;98501118;18:04:50+03:00;214504712;Amanita citrina Pers.;NA;NA;NA;NA;NA;NA;NA;NA;NA
Amanita citrina;3398724278;Amanita citrina Pers.;Amanita citrina Pers.;SPECIES;Fungi;Basidiomycota;Agaricomycetes;Agaricales;Amanitaceae;Amanita;Amanita citrina;BE;Vlaanderen;50,814511;4,456693;2021-10-17T18:01:43;2021;HUMAN_OBSERVATION;iNaturalist;Observations;iNaturalist research-grade observations;cdc,cdround;50c9509d-22c7-4a22-a47d-8c48425ef4a7;28eb1a3f-1c15-4a95-931a-4af90ecb574d;997448a8-f762-11e1-a439-00145eb45e9a;28eb1a3f-1c15-4a95-931a-4af90ecb574d;US;DWC_ARCHIVE;2026-04-17T19:39:17.972+00:00;2026-04-18T07:09:32.303+00:00;589;PRESENT;3328320;5;34;186;1499;4171;6005964;3328320;3328320;Amanita;citrina;ACCEPTED;2021-10-17T16:04:41;4;EUROPE;10;17;290;290;2024-11-17T11:40:29.000+00:00;2026-04-18T07:09:32.303+00:00;https://www.inaturalist.org/observations/98500940;http://creativecommons.org/licenses/by-nc/4.0/legalcode;FALSE;98500940;none;none;FALSE;munstie;munstie;WGS84;none;none;EUROPE;Belgium;NORTH_AMERICA;munstie;98500940;munstie;Sun Oct 17 2021 18:01:43 GMT+0200 (GMT+2);Bois des Capucins, Tervuren, Le Brabant flamand, BE;3398724278;https://www.inaturalist.org/observations/98500940;63271;wild;98500940;18:01:43+03:00;214504358;Amanita citrina Pers.;NA;NA;NA;NA;NA;NA;NA;NA;NA
Amanita citrina;3398894018;Amanita citrina Pers.;Amanita citrina Pers.;SPECIES;Fungi;Basidiomycota;Agaricomycetes;Agaricales;Amanitaceae;Amanita;Amanita citrina;BE;Vlaanderen;50,738738;4,438933;2021-10-24T16:30:34;2021;HUMAN_OBSERVATION;iNaturalist;Observations;iNaturalist research-grade observations;cdc,cdround;50c9509d-22c7-4a22-a47d-8c48425ef4a7;28eb1a3f-1c15-4a95-931a-4af90ecb574d;997448a8-f762-11e1-a439-00145eb45e9a;28eb1a3f-1c15-4a95-931a-4af90ecb574d;US;DWC_ARCHIVE;2026-04-17T19:39:17.972+00:00;2026-04-18T08:42:32.720+00:00;589;PRESENT;3328320;5;34;186;1499;4171;6005964;3328320;3328320;Amanita;citrina;ACCEPTED;2021-10-24T18:29:37;5;EUROPE;10;24;297;297;2024-11-17T11:40:36.000+00:00;2026-04-18T08:42:32.720+00:00;https://www.inaturalist.org/observations/99245366;http://creativecommons.org/licenses/by-nc/4.0/legalcode;FALSE;99245366;none;none;FALSE;munstie;munstie;WGS84;none;none;EUROPE;Belgium;NORTH_AMERICA;munstie;99245366;munstie;Sun Oct 24 2021 16:30:34 GMT+0200 (GMT+2);Forêt de Soignes, La Hulpe, Brabant wallon, BE;3398894018;https://www.inaturalist.org/observations/99245366;63271;wild;99245366;16:30:34+03:00;216123107;Amanita citrina Pers.;NA;NA;NA;NA;4488,65522779510;NA;NA;NA;NA
Amanita excelsa;4982283378;Amanita excelsa (Fr.) Bertill.;Amanita excelsa (Fr.) Bertill.;SPECIES;Fungi;Basidiomycota;Agaricomycetes;Agaricales;Amanitaceae;Amanita;Amanita excelsa;BE;Vlaanderen;50,803592;4,527518;2024-11-02T10:10;2024;HUMAN_OBSERVATION;iNaturalist;Observations;iNaturalist research-grade observations;cdc,cdround;50c9509d-22c7-4a22-a47d-8c48425ef4a7;28eb1a3f-1c15-4a95-931a-4af90ecb574d;997448a8-f762-11e1-a439-00145eb45e9a;28eb1a3f-1c15-4a95-931a-4af90ecb574d;US;DWC_ARCHIVE;2026-04-17T19:39:17.972+00:00;2026-04-18T10:58:42.136+00:00;589;PRESENT;8935018;5;34;186;1499;4171;6005964;8935018;8935018;Amanita;excelsa;ACCEPTED;2024-11-18T11:19:17;31;EUROPE;11;2;307;307;2025-04-12T06:23:41.000+00:00;2026-04-18T10:58:42.136+00:00;https://www.inaturalist.org/observations/252142498;http://creativecommons.org/licenses/by-nc/4.0/legalcode;FALSE;252142498;none;none;FALSE;alexandervivile;alexandervivile;WGS84;none;none;EUROPE;Belgium;NORTH_AMERICA;alexandervivile;252142498;alexandervivile;2024/11/02 10:10;Tervuren, België;4982283378;https://www.inaturalist.org/observations/252142498;119999;wild;252142498;10:10:00+01:00;565472473;Amanita excelsa (Fr.) Bertill.;NA;NA;NA;NA;NA;NA;NA;NA;NA
Amanita excelsa;4847216902;Amanita excelsa (Fr.) Bertill.;Amanita excelsa (Fr.) Bertill.;SPECIES;Fungi;Basidiomycota;Agaricomycetes;Agaricales;Amanitaceae;Amanita;Amanita excelsa;BE;Vlaanderen;50,787190;4,699325;2023-10-08T16:33:29;2023;HUMAN_OBSERVATION;iNaturalist;Observations;iNaturalist research-grade observations;cdc;50c9509d-22c7-4a22-a47d-8c48425ef4a7;28eb1a3f-1c15-4a95-931a-4af90ecb574d;997448a8-f762-11e1-a439-00145eb45e9a;28eb1a3f-1c15-4a95-931a-4af90ecb574d;US;DWC_ARCHIVE;2026-04-17T19:39:17.972+00:00;2026-04-18T09:16:21.952+00:00;589;PRESENT;8935018;5;34;186;1499;4171;6005964;8935018;8935018;Amanita;excelsa;ACCEPTED;2024-04-16T19:24:37;NA;EUROPE;10;8;281;281;2024-04-16T23:11:01.000+00:00;2026-04-18T09:16:21.952+00:00;https://www.inaturalist.org/observations/207630950;http://creativecommons.org/licenses/by-nc/4.0/legalcode;FALSE;207630950;none;none;FALSE;Frederik Lerouge;Frederik Lerouge;WGS84;none;none;EUROPE;Belgium;NORTH_AMERICA;Frederik Lerouge;207630950;frederikl;2023-10-08 16:33:29;1320 Bevekom, België;4847216902;https://www.inaturalist.org/observations/207630950;119999;wild;207630950;16:33:29+02:00;471695932;Amanita excelsa (Fr.) Bertill.;NA;NA;NA;NA;NA;NA;NA;NA;NA
Amanita excelsa;4945752659;Amanita excelsa (Fr.) Bertill.;Amanita excelsa (Fr.) Bertill.;SPECIES;Fungi;Basidiomycota;Agaricomycetes;Agaricales;Amanitaceae;Amanita;Amanita excelsa;BE;Vlaanderen;50,874909;4,113571;2022-10-04T14:55:21;2022;HUMAN_OBSERVATION;iNaturalist;Observations;iNaturalist research-grade observations;cdc,cdround;50c9509d-22c7-4a22-a47d-8c48425ef4a7;28eb1a3f-1c15-4a95-931a-4af90ecb574d;997448a8-f762-11e1-a439-00145eb45e9a;28eb1a3f-1c15-4a95-931a-4af90ecb574d;US;DWC_ARCHIVE;2026-04-17T19:39:17.972+00:00;2026-04-18T07:21:16.864+00:00;589;PRESENT;8935018;5;34;186;1499;4171;6005964;8935018;8935018;Amanita;excelsa;ACCEPTED;2022-10-04T12:56:56;NA;EUROPE;10;4;277;277;2024-09-08T21:22:28.000+00:00;2026-04-18T07:21:16.864+00:00;https://www.inaturalist.org/observations/137517180;http://creativecommons.org/licenses/by-nc/4.0/legalcode;FALSE;137517180;none;none;FALSE;leovanvreckem;leovanvreckem;WGS84;none;none;EUROPE;Belgium;NORTH_AMERICA;leovanvreckem;137517180;leovanvreckem;2022-10-04 14:55:21;1742 Ternat, België;4945752659;https://www.inaturalist.org/observations/137517180;119999;wild;137517180;14:55:21+02:00;303010212;Amanita excelsa (Fr.) Bertill.;NA;NA;NA;NA;NA;NA;NA;NA;NA
Amanita excelsa;4946298093;Amanita excelsa (Fr.) Bertill.;Amanita excelsa (Fr.) Bertill.;SPECIES;Fungi;Basidiomycota;Agaricomycetes;Agaricales;Amanitaceae;Amanita;Amanita excelsa;BE;Vlaanderen;51,152020;3,457094;2022-11-07T11:47;2022;HUMAN_OBSERVATION;iNaturalist;Observations;iNaturalist research-grade observations;cdc,cdround;50c9509d-22c7-4a22-a47d-8c48425ef4a7;28eb1a3f-1c15-4a95-931a-4af90ecb574d;997448a8-f762-11e1-a439-00145eb45e9a;28eb1a3f-1c15-4a95-931a-4af90ecb574d;US;DWC_ARCHIVE;2026-04-17T19:39:17.972+00:00;2026-04-18T07:22:37.104+00:00;589;PRESENT;8935018;5;34;186;1499;4171;6005964;8935018;8935018;Amanita;excelsa;ACCEPTED;2024-04-10T17:25:32;3697;EUROPE;11;7;311;311;2024-09-08T21:11:29.000+00:00;2026-04-18T07:22:37.104+00:00;https://www.inaturalist.org/observations/141446856;http://creativecommons.org/licenses/by-nc/4.0/legalcode;FALSE;141446856;none;none;FALSE;alex;Virn Stothers;WGS84;none;none;EUROPE;Belgium;NORTH_AMERICA;alex;141446856;yaminatori;2022/11/07 11:47 AM;Drongengoedbos, Belgium;4946298093;https://www.inaturalist.org/observations/141446856;119999;wild;141446856;11:47:00+01:00;469207930;Amanita excelsa (Fr.) Bertill.;NA;NA;NA;NA;NA;NA;NA;NA;NA
Amanita excelsa;3384440983;Amanita excelsa (Fr.) Bertill.;Amanita excelsa (Fr.) Bertill.;SPECIES;Fungi;Basidiomycota;Agaricomycetes;Agaricales;Amanitaceae;Amanita;Amanita excelsa;BE;Vlaanderen;50,800198;4,706648;2021-09-24T10:11:17;2021;HUMAN_OBSERVATION;iNaturalist;Observations;iNaturalist research-grade observations;cdc,cdround;50c9509d-22c7-4a22-a47d-8c48425ef4a7;28eb1a3f-1c15-4a95-931a-4af90ecb574d;997448a8-f762-11e1-a439-00145eb45e9a;28eb1a3f-1c15-4a95-931a-4af90ecb574d;US;DWC_ARCHIVE;2026-04-17T19:39:17.972+00:00;2026-04-18T07:08:51.518+00:00;589;PRESENT;8935018;5;34;186;1499;4171;6005964;8935018;8935018;Amanita;excelsa;ACCEPTED;2021-09-24T10:56:23;NA;EUROPE;9;24;267;267;2021-09-25T14:09:17.000+00:00;2026-04-18T07:08:51.518+00:00;https://www.inaturalist.org/observations/95947690;http://creativecommons.org/licenses/by-nc/4.0/legalcode;FALSE;95947690;none;none;FALSE;Julien;Julien;WGS84;none;none;EUROPE;Belgium;NORTH_AMERICA;Julien;95947690;julienlepiaf;2021-09-24 10:11:17;BIERBEEK Sint-Theresiakapel, 3360 Bierbeek, Belgique;3384440983;https://www.inaturalist.org/observations/95947690;119999;wild;95947690;10:11:17+02:00;209160302;Amanita excelsa (Fr.) Bertill.;NA;NA;NA;NA;NA;NA;NA;NA;NA
Amanita excelsa;3759136737;Amanita excelsa (Fr.) Bertill.;Amanita excelsa (Fr.) Bertill.;SPECIES;Fungi;Basidiomycota;Agaricomycetes;Agaricales;Amanitaceae;Amanita;Amanita excelsa;BE;Vlaanderen;50,808597;4,515917;2021-10-23T18:07:07;2021;HUMAN_OBSERVATION;iNaturalist;Observations;iNaturalist research-grade observations;cdc,cdround;50c9509d-22c7-4a22-a47d-8c48425ef4a7;28eb1a3f-1c15-4a95-931a-4af90ecb574d;997448a8-f762-11e1-a439-00145eb45e9a;28eb1a3f-1c15-4a95-931a-4af90ecb574d;US;DWC_ARCHIVE;2026-04-17T19:39:17.972+00:00;2026-04-18T09:03:52.460+00:00;589;PRESENT;8935018;5;34;186;1499;4171;6005964;8935018;8935018;Amanita;excelsa;ACCEPTED;2021-10-23T18:19:15;5;EUROPE;10;23;296;296;2022-04-22T19:06:51.000+00:00;2026-04-18T09:03:52.460+00:00;https://www.inaturalist.org/observations/99113411;http://creativecommons.org/licenses/by-nc/4.0/legalcode;FALSE;99113411;none;none;FALSE;munstie;munstie;WGS84;none;none;EUROPE;Belgium;NORTH_AMERICA;munstie;99113411;munstie;Sat Oct 23 2021 18:07:07 GMT+0200 (GMT+2);Bois des Capucins, Tervuren, Le Brabant flamand, BE;3759136737;https://www.inaturalist.org/observations/99113411;119999;wild;99113411;18:07:07+03:00;215863829;Amanita excelsa (Fr.) Bertill.;NA;NA;NA;NA;NA;NA;NA;NA;NA
Pluteus cervinus;6179146551;Pluteus cervinus (Schaeff.) P.Kumm.;Pluteus cervinus (Schaeff.) P.Kumm.;SPECIES;Fungi;Basidiomycota;Agaricomycetes;Agaricales;Pluteaceae;Pluteus;Pluteus cervinus;BE;Vlaanderen;50,958702;4,728032;2026-03-01T13:11;2026;HUMAN_OBSERVATION;iNaturalist;Observations;iNaturalist research-grade observations;cdc,cdround;50c9509d-22c7-4a22-a47d-8c48425ef4a7;28eb1a3f-1c15-4a95-931a-4af90ecb574d;997448a8-f762-11e1-a439-00145eb45e9a;28eb1a3f-1c15-4a95-931a-4af90ecb574d;US;DWC_ARCHIVE;2026-04-17T19:39:17.972+00:00;2026-04-18T10:01:32.573+00:00;589;PRESENT;7446067;5;34;186;1499;8447;2526826;7446067;7446067;Pluteus;cervinus;ACCEPTED;2026-03-01T19:45:22;31;EUROPE;3;1;60;60;2026-03-07T20:55:59.000+00:00;2026-04-18T10:01:32.573+00:00;https://www.inaturalist.org/observations/340823364;http://creativecommons.org/publicdomain/zero/1.0/legalcode;FALSE;340823364;none;none;FALSE;Mirela;Mirela;WGS84;none;none;EUROPE;Belgium;NORTH_AMERICA;Mirela;340823364;mirela88;2026/03/01 13:11;Rotselaar, 3110 Rotselaar, Belgia;6179146551;https://www.inaturalist.org/observations/340823364;60782;wild;340823364;13:11:00+01:00;768541179;Pluteus cervinus (Schaeff.) P.Kumm.;NA;NA;NA;NA;NA;NA;NA;NA;NA
Pluteus cervinus;4936749155;Pluteus cervinus (Schaeff.) P.Kumm.;Pluteus cervinus (Schaeff.) P.Kumm.;SPECIES;Fungi;Basidiomycota;Agaricomycetes;Agaricales;Pluteaceae;Pluteus;Pluteus cervinus;BE;Vlaanderen;51,077256;3,672802;2024-08-24T12:48:38;2024;HUMAN_OBSERVATION;iNaturalist;Observations;iNaturalist research-grade observations;cdc,cdround;50c9509d-22c7-4a22-a47d-8c48425ef4a7;28eb1a3f-1c15-4a95-931a-4af90ecb574d;997448a8-f762-11e1-a439-00145eb45e9a;28eb1a3f-1c15-4a95-931a-4af90ecb574d;US;DWC_ARCHIVE;2026-04-17T19:39:17.972+00:00;2026-04-18T07:47:45.536+00:00;589;PRESENT;7446067;5;34;186;1499;8447;2526826;7446067;7446067;Pluteus;cervinus;ACCEPTED;2024-08-24T21:47:17;NA;EUROPE;8;24;237;237;2024-09-16T14:24:54.000+00:00;2026-04-18T07:47:45.536+00:00;https://www.inaturalist.org/observations/237621089;http://creativecommons.org/licenses/by-nc/4.0/legalcode;FALSE;237621089;none;none;FALSE;Thibault;Thibault;WGS84;none;none;EUROPE;Belgium;NORTH_AMERICA;Thibault;237621089;titiavi;2024-08-24 12:48:38;Oost-Vlaanderen, Vlaanderen, BE;4936749155;https://www.inaturalist.org/observations/237621089;60782;wild;237621089;12:48:38+02:00;531859557;Pluteus cervinus (Schaeff.) P.Kumm.;NA;NA;NA;NA;NA;https://www.inaturalist.org/projects/mushroom-microscopy;NA;Smells of radish. x10 objective;NA
Pluteus cervinus;4945639080;Pluteus cervinus (Schaeff.) P.Kumm.;Pluteus cervinus (Schaeff.) P.Kumm.;SPECIES;Fungi;Basidiomycota;Agaricomycetes;Agaricales;Pluteaceae;Pluteus;Pluteus cervinus;BE;Vlaanderen;50,900183;5,519089;2024-09-06T18:16:44;2024;HUMAN_OBSERVATION;iNaturalist;Observations;iNaturalist research-grade observations;cdc,cdround;50c9509d-22c7-4a22-a47d-8c48425ef4a7;28eb1a3f-1c15-4a95-931a-4af90ecb574d;997448a8-f762-11e1-a439-00145eb45e9a;28eb1a3f-1c15-4a95-931a-4af90ecb574d;US;DWC_ARCHIVE;2026-04-17T19:39:17.972+00:00;2026-04-18T07:48:27.139+00:00;589;PRESENT;7446067;5;34;186;1499;8447;2526826;7446067;7446067;Pluteus;cervinus;ACCEPTED;2024-09-06T16:19:09;NA;EUROPE;9;6;250;250;2024-09-08T20:24:24.000+00:00;2026-04-18T07:48:27.139+00:00;https://www.inaturalist.org/observations/240161109;http://creativecommons.org/licenses/by-nc/4.0/legalcode;FALSE;240161109;none;none;FALSE;ti_tiziana;ti_tiziana;WGS84;none;none;EUROPE;Belgium;NORTH_AMERICA;ti_tiziana;240161109;ti_tiziana;2024-09-06 18:16:44;3740 Bilzen, Belgio;4945639080;https://www.inaturalist.org/observations/240161109;60782;wild;240161109;18:16:44+02:00;537046169;Pluteus cervinus (Schaeff.) P.Kumm.;NA;NA;NA;NA;NA;NA;NA;NA;NA
Pluteus cervinus;4952631313;Pluteus cervinus (Schaeff.) P.Kumm.;Pluteus cervinus (Schaeff.) P.Kumm.;SPECIES;Fungi;Basidiomycota;Agaricomycetes;Agaricales;Pluteaceae;Pluteus;Pluteus cervinus;BE;Vlaanderen;50,841139;3,186843;2024-09-25T15:08;2024;HUMAN_OBSERVATION;iNaturalist;Observations;iNaturalist research-grade observations;cdc,cdround;50c9509d-22c7-4a22-a47d-8c48425ef4a7;28eb1a3f-1c15-4a95-931a-4af90ecb574d;997448a8-f762-11e1-a439-00145eb45e9a;28eb1a3f-1c15-4a95-931a-4af90ecb574d;US;DWC_ARCHIVE;2026-04-17T19:39:17.972+00:00;2026-04-18T07:49:13.659+00:00;589;PRESENT;7446067;5;34;186;1499;8447;2526826;7446067;7446067;Pluteus;cervinus;ACCEPTED;2024-09-25T20:55:27;5;EUROPE;9;25;269;269;2024-09-27T20:09:36.000+00:00;2026-04-18T07:49:13.659+00:00;https://www.inaturalist.org/observations/244036163;http://creativecommons.org/licenses/by-nc/4.0/legalcode;FALSE;244036163;none;none;FALSE;Alissa De Laere;Alissa De Laere;WGS84;none;none;EUROPE;Belgium;NORTH_AMERICA;Alissa De Laere;244036163;a_delaere;2024/09/25 3:08 PM;West-Vlaanderen, Vlaanderen, BE;4952631313;https://www.inaturalist.org/observations/244036163;60782;wild;244036163;15:08:00+02:00;545167951;Pluteus cervinus (Schaeff.) P.Kumm.;NA;NA;NA;NA;NA;https://www.inaturalist.org/projects/belgian-biodiversity;NA;NA;NA
Pluteus cervinus;4436272972;Pluteus cervinus (Schaeff.) P.Kumm.;Pluteus cervinus (Schaeff.) P.Kumm.;SPECIES;Fungi;Basidiomycota;Agaricomycetes;Agaricales;Pluteaceae;Pluteus;Pluteus cervinus;BE;Vlaanderen;51,026418;3,716759;2023-10-27T11:22:10;2023;HUMAN_OBSERVATION;iNaturalist;Observations;iNaturalist research-grade observations;cdc,cdround;50c9509d-22c7-4a22-a47d-8c48425ef4a7;28eb1a3f-1c15-4a95-931a-4af90ecb574d;997448a8-f762-11e1-a439-00145eb45e9a;28eb1a3f-1c15-4a95-931a-4af90ecb574d;US;DWC_ARCHIVE;2026-04-17T19:39:17.972+00:00;2026-04-18T07:34:29.383+00:00;589;PRESENT;7446067;5;34;186;1499;8447;2526826;7446067;7446067;Pluteus;cervinus;ACCEPTED;2023-10-27T20:07:46;31;EUROPE;10;27;300;300;2023-10-27T20:29:09.000+00:00;2026-04-18T07:34:29.383+00:00;https://www.inaturalist.org/observations/189151361;http://creativecommons.org/licenses/by-nc/4.0/legalcode;FALSE;189151361;none;none;FALSE;warrevc;warrevc;WGS84;none;none;EUROPE;Belgium;NORTH_AMERICA;warrevc;189151361;warrevc;2023-10-27 11:22:10;9000 Gent, België;4436272972;https://www.inaturalist.org/observations/189151361;60782;wild;189151361;11:22:10+02:00;421768231;Pluteus cervinus (Schaeff.) P.Kumm.;NA;NA;NA;NA;NA;NA;NA;NA;NA
Xylaria hypoxylon;6130229694;Xylaria hypoxylon (L.) Grev.;Xylaria hypoxylon (L.) Grev.;SPECIES;Fungi;Ascomycota;Sordariomycetes;Xylariales;Xylariaceae;Xylaria;Xylaria hypoxylon;BE;Vlaanderen;50,816610;3,989461;2026-01-18T10:45;2026;HUMAN_OBSERVATION;iNaturalist;Observations;iNaturalist research-grade observations;cdc,cdround;50c9509d-22c7-4a22-a47d-8c48425ef4a7;28eb1a3f-1c15-4a95-931a-4af90ecb574d;997448a8-f762-11e1-a439-00145eb45e9a;28eb1a3f-1c15-4a95-931a-4af90ecb574d;US;DWC_ARCHIVE;2026-04-17T19:39:17.972+00:00;2026-04-18T08:12:53.823+00:00;589;PRESENT;5255147;5;95;320;1298;4168;2568748;5255147;5255147;Xylaria;hypoxylon;ACCEPTED;2026-01-18T09:48:19;3;EUROPE;1;18;18;18;2026-01-19T09:53:02.000+00:00;2026-04-18T08:12:53.823+00:00;https://www.inaturalist.org/observations/335189476;http://creativecommons.org/licenses/by-nc/4.0/legalcode;FALSE;335189476;none;none;FALSE;amyinnyc;Nick Butcher;WGS84;none;none;EUROPE;Belgium;NORTH_AMERICA;amyinnyc;335189476;amyinnyc;2026-01-18 10:45:00;9401 Ninove, Belgium;6130229694;https://www.inaturalist.org/observations/335189476;55267;wild;335189476;10:45:00+01:00;751675992;Xylaria hypoxylon (L.) Grev.;NA;NA;NA;NA;1999,67433793203;NA;NA;NA;NA
Xylaria hypoxylon;6131398740;Xylaria hypoxylon (L.) Grev.;Xylaria hypoxylon (L.) Grev.;SPECIES;Fungi;Ascomycota;Sordariomycetes;Xylariales;Xylariaceae;Xylaria;Xylaria hypoxylon;BE;Vlaanderen;50,869007;4,465230;2026-01-26T14:36:08;2026;HUMAN_OBSERVATION;iNaturalist;Observations;iNaturalist research-grade observations;cdc,cdround;50c9509d-22c7-4a22-a47d-8c48425ef4a7;28eb1a3f-1c15-4a95-931a-4af90ecb574d;997448a8-f762-11e1-a439-00145eb45e9a;28eb1a3f-1c15-4a95-931a-4af90ecb574d;US;DWC_ARCHIVE;2026-04-17T19:39:17.972+00:00;2026-04-18T10:00:23.663+00:00;589;PRESENT;5255147;5;95;320;1298;4168;2568748;5255147;5255147;Xylaria;hypoxylon;ACCEPTED;2026-01-26T20:42:56;NA;EUROPE;1;26;26;26;2026-01-27T08:17:41.000+00:00;2026-04-18T10:00:23.663+00:00;https://www.inaturalist.org/observations/336274366;http://creativecommons.org/licenses/by/4.0/legalcode;FALSE;336274366;none;none;FALSE;CaracalShan;CaracalShan;WGS84;none;none;EUROPE;Belgium;NORTH_AMERICA;CaracalShan;336274366;caracalshan;2026-01-26 14:36:08;Sint-Stevens-Woluwe Lozenberg, 1932 Zaventem, België;6131398740;https://www.inaturalist.org/observations/336274366;55267;wild;336274366;14:36:08+01:00;754889797;Xylaria hypoxylon (L.) Grev.;NA;NA;NA;NA;NA;NA;NA;NA;NA
Xylaria hypoxylon;6131606182;Xylaria hypoxylon (L.) Grev.;Xylaria hypoxylon (L.) Grev.;SPECIES;Fungi;Ascomycota;Sordariomycetes;Xylariales;Xylariaceae;Xylaria;Xylaria hypoxylon;BE;Vlaanderen;51,223209;2,923993;2026-01-19T15:41:08;2026;HUMAN_OBSERVATION;iNaturalist;Observations;iNaturalist research-grade observations;cdc,cdround;50c9509d-22c7-4a22-a47d-8c48425ef4a7;28eb1a3f-1c15-4a95-931a-4af90ecb574d;997448a8-f762-11e1-a439-00145eb45e9a;28eb1a3f-1c15-4a95-931a-4af90ecb574d;US;DWC_ARCHIVE;2026-04-17T19:39:17.972+00:00;2026-04-18T11:17:24.844+00:00;589;PRESENT;5255147;5;95;320;1298;4168;2568748;5255147;5255147;Xylaria;hypoxylon;ACCEPTED;2026-01-20T02:34:53;NA;EUROPE;1;19;19;19;2026-01-20T05:09:04.000+00:00;2026-04-18T11:17:24.844+00:00;https://www.inaturalist.org/observations/335433471;http://creativecommons.org/licenses/by-nc/4.0/legalcode;FALSE;335433471;none;none;FALSE;Johan Devos;Johan Devos;WGS84;none;none;EUROPE;Belgium;NORTH_AMERICA;Johan Devos;335433471;johan145;2026-01-19 15:41:08;Oostende Parking, 8400 Oostende, België;6131606182;https://www.inaturalist.org/observations/335433471;55267;wild;335433471;15:41:08+01:00;752374403;Xylaria hypoxylon (L.) Grev.;NA;NA;NA;NA;NA;NA;NA;NA;NA
Xylaria hypoxylon;6159529777;Xylaria hypoxylon (L.) Grev.;Xylaria hypoxylon (L.) Grev.;SPECIES;Fungi;Ascomycota;Sordariomycetes;Xylariales;Xylariaceae;Xylaria;Xylaria hypoxylon;BE;Vlaanderen;51,040899;4,797534;2026-02-10T15:37;2026;HUMAN_OBSERVATION;iNaturalist;Observations;iNaturalist research-grade observations;cdc,cdround;50c9509d-22c7-4a22-a47d-8c48425ef4a7;28eb1a3f-1c15-4a95-931a-4af90ecb574d;997448a8-f762-11e1-a439-00145eb45e9a;28eb1a3f-1c15-4a95-931a-4af90ecb574d;US;DWC_ARCHIVE;2026-04-17T19:39:17.972+00:00;2026-04-18T10:00:57.459+00:00;589;PRESENT;5255147;5;95;320;1298;4168;2568748;5255147;5255147;Xylaria;hypoxylon;ACCEPTED;2026-02-12T21:45:44;15;EUROPE;2;10;41;41;2026-02-13T06:58:50.000+00:00;2026-04-18T10:00:57.459+00:00;https://www.inaturalist.org/observations/338361664;http://creativecommons.org/licenses/by-nc/4.0/legalcode;FALSE;338361664;none;none;FALSE;Goossens Norbert;Goossens Norbert;WGS84;none;none;EUROPE;Belgium;NORTH_AMERICA;Goossens Norbert;338361664;goossensnorbert;2026/02/10 15:37;Houtvenne, Hulshout, België;6159529777;https://www.inaturalist.org/observations/338361664;55267;wild;338361664;15:37:00+01:00;761175937;Xylaria hypoxylon (L.) Grev.;NA;NA;NA;NA;NA;NA;NA;NA;NA
Xylaria hypoxylon;6171027572;Xylaria hypoxylon (L.) Grev.;Xylaria hypoxylon (L.) Grev.;SPECIES;Fungi;Ascomycota;Sordariomycetes;Xylariales;Xylariaceae;Xylaria;Xylaria hypoxylon;BE;Vlaanderen;50,867884;4,761598;2026-02-24T12:31;2026;HUMAN_OBSERVATION;iNaturalist;Observations;iNaturalist research-grade observations;cdc,cdround;50c9509d-22c7-4a22-a47d-8c48425ef4a7;28eb1a3f-1c15-4a95-931a-4af90ecb574d;997448a8-f762-11e1-a439-00145eb45e9a;28eb1a3f-1c15-4a95-931a-4af90ecb574d;US;DWC_ARCHIVE;2026-04-17T19:39:17.972+00:00;2026-04-18T08:14:11.144+00:00;589;PRESENT;5255147;5;95;320;1298;4168;2568748;5255147;5255147;Xylaria;hypoxylon;ACCEPTED;2026-02-24T15:50:10;NA;EUROPE;2;24;55;55;2026-02-24T23:15:54.000+00:00;2026-04-18T08:14:11.144+00:00;https://www.inaturalist.org/observations/340032792;http://creativecommons.org/licenses/by-nc/4.0/legalcode;FALSE;340032792;none;none;FALSE;Frederik Lerouge;Charlie Laurison;WGS84;none;none;EUROPE;Belgium;NORTH_AMERICA;Frederik Lerouge;340032792;frederikl;2026/02/24 12:31;Vlaams Brabant, Vlaanderen, Belgium;6171027572;https://www.inaturalist.org/observations/340032792;55267;wild;340032792;12:31:00+01:00;766422790;Xylaria hypoxylon (L.) Grev.;NA;NA;NA;NA;NA;NA;NA;NA;NA
Xylaria hypoxylon;5008070966;Xylaria hypoxylon (L.) Grev.;Xylaria hypoxylon (L.) Grev.;SPECIES;Fungi;Ascomycota;Sordariomycetes;Xylariales;Xylariaceae;Xylaria;Xylaria hypoxylon;BE;Vlaanderen;51,153063;3,106805;2025-01-01T14:08;2025;HUMAN_OBSERVATION;iNaturalist;Observations;iNaturalist research-grade observations;cdc,cdround;50c9509d-22c7-4a22-a47d-8c48425ef4a7;28eb1a3f-1c15-4a95-931a-4af90ecb574d;997448a8-f762-11e1-a439-00145eb45e9a;28eb1a3f-1c15-4a95-931a-4af90ecb574d;US;DWC_ARCHIVE;2026-04-17T19:39:17.972+00:00;2026-04-18T10:59:42.416+00:00;589;PRESENT;5255147;5;95;320;1298;4168;2568748;5255147;5255147;Xylaria;hypoxylon;ACCEPTED;2025-01-01T15:33:28;59;EUROPE;1;1;1;1;2025-04-10T18:11:02.000+00:00;2026-04-18T10:59:42.416+00:00;https://www.inaturalist.org/observations/257009574;http://creativecommons.org/licenses/by-nc/4.0/legalcode;FALSE;257009574;none;none;FALSE;Alissa De Laere;Alissa De Laere;WGS84;none;none;EUROPE;Belgium;NORTH_AMERICA;Alissa De Laere;257009574;a_delaere;2025/01/01 2:08 PM;Snellegem, 8490 Jabbeke, Belgium;5008070966;https://www.inaturalist.org/observations/257009574;55267;wild;257009574;14:08:00+01:00;579225872;Xylaria hypoxylon (L.) Grev.;NA;NA;NA;NA;NA;https://www.inaturalist.org/projects/belgian-biodiversity;NA;NA;NA
Xylaria hypoxylon;5036896684;Xylaria hypoxylon (L.) Grev.;Xylaria hypoxylon (L.) Grev.;SPECIES;Fungi;Ascomycota;Sordariomycetes;Xylariales;Xylariaceae;Xylaria;Xylaria hypoxylon;BE;Vlaanderen;51,177321;3,041881;2025-01-08T11:07;2025;HUMAN_OBSERVATION;iNaturalist;Observations;iNaturalist research-grade observations;cdc,cdround;50c9509d-22c7-4a22-a47d-8c48425ef4a7;28eb1a3f-1c15-4a95-931a-4af90ecb574d;997448a8-f762-11e1-a439-00145eb45e9a;28eb1a3f-1c15-4a95-931a-4af90ecb574d;US;DWC_ARCHIVE;2026-04-17T19:39:17.972+00:00;2026-04-18T07:52:27.608+00:00;589;PRESENT;5255147;5;95;320;1298;4168;2568748;5255147;5255147;Xylaria;hypoxylon;ACCEPTED;2025-01-08T20:20:59;5;EUROPE;1;8;8;8;2025-04-11T13:55:11.000+00:00;2026-04-18T07:52:27.608+00:00;https://www.inaturalist.org/observations/257845842;http://creativecommons.org/licenses/by-nc/4.0/legalcode;FALSE;257845842;none;none;FALSE;Alissa De Laere;Alissa De Laere;WGS84;none;none;EUROPE;Belgium;NORTH_AMERICA;Alissa De Laere;257845842;a_delaere;2025/01/08 11:07 AM;Ettelgem, 8460 Oudenburg, Belgium;5036896684;https://www.inaturalist.org/observations/257845842;55267;wild;257845842;11:07:00+01:00;581581772;Xylaria hypoxylon (L.) Grev.;NA;NA;NA;NA;NA;https://www.inaturalist.org/projects/belgian-biodiversity;NA;NA;NA
Xylaria hypoxylon;5036956553;Xylaria hypoxylon (L.) Grev.;Xylaria hypoxylon (L.) Grev.;SPECIES;Fungi;Ascomycota;Sordariomycetes;Xylariales;Xylariaceae;Xylaria;Xylaria hypoxylon;BE;Vlaanderen;50,946904;2,705440;2025-01-08T14:49:44;2025;HUMAN_OBSERVATION;iNaturalist;Observations;iNaturalist research-grade observations;cdc,cdround;50c9509d-22c7-4a22-a47d-8c48425ef4a7;28eb1a3f-1c15-4a95-931a-4af90ecb574d;997448a8-f762-11e1-a439-00145eb45e9a;28eb1a3f-1c15-4a95-931a-4af90ecb574d;US;DWC_ARCHIVE;2026-04-17T19:39:17.972+00:00;2026-04-18T07:52:27.783+00:00;589;PRESENT;5255147;5;95;320;1298;4168;2568748;5255147;5255147;Xylaria;hypoxylon;ACCEPTED;2025-01-08T23:08:20;NA;EUROPE;1;8;8;8;2025-04-11T14:17:09.000+00:00;2026-04-18T07:52:27.783+00:00;https://www.inaturalist.org/observations/257871304;http://creativecommons.org/licenses/by-nc/4.0/legalcode;FALSE;257871304;none;none;FALSE;Johan Devos;Johan Devos;WGS84;none;none;EUROPE;Belgium;NORTH_AMERICA;Johan Devos;257871304;johan145;2025-01-08 14:49:44;Stavele, Alveringem, België;5036956553;https://www.inaturalist.org/observations/257871304;55267;wild;257871304;14:49:44+01:00;581656498;Xylaria hypoxylon (L.) Grev.;NA;NA;NA;NA;NA;NA;NA;NA;NA
Xylaria hypoxylon;5063011655;Xylaria hypoxylon (L.) Grev.;Xylaria hypoxylon (L.) Grev.;SPECIES;Fungi;Ascomycota;Sordariomycetes;Xylariales;Xylariaceae;Xylaria;Xylaria hypoxylon;BE;Vlaanderen;51,220384;2,923647;2025-01-16T08:30:50;2025;HUMAN_OBSERVATION;iNaturalist;Observations;iNaturalist research-grade observations;cdc,cdround;50c9509d-22c7-4a22-a47d-8c48425ef4a7;28eb1a3f-1c15-4a95-931a-4af90ecb574d;997448a8-f762-11e1-a439-00145eb45e9a;28eb1a3f-1c15-4a95-931a-4af90ecb574d;US;DWC_ARCHIVE;2026-04-17T19:39:17.972+00:00;2026-04-18T07:52:55.877+00:00;589;PRESENT;5255147;5;95;320;1298;4168;2568748;5255147;5255147;Xylaria;hypoxylon;ACCEPTED;2025-01-16T11:03:27;NA;EUROPE;1;16;16;16;2025-02-18T22:31:41.000+00:00;2026-04-18T07:52:55.877+00:00;https://www.inaturalist.org/observations/258640886;http://creativecommons.org/licenses/by-nc/4.0/legalcode;FALSE;258640886;none;none;FALSE;Johan Devos;Johan Devos;WGS84;none;none;EUROPE;Belgium;NORTH_AMERICA;Johan Devos;258640886;johan145;2025-01-16 08:30:50;Hazegras, 8400 Ostend, België;5063011655;https://www.inaturalist.org/observations/258640886;55267;wild;258640886;08:30:50+01:00;583882206;Xylaria hypoxylon (L.) Grev.;NA;NA;NA;NA;NA;NA;NA;NA;NA
Xylaria hypoxylon;5104371332;Xylaria hypoxylon (L.) Grev.;Xylaria hypoxylon (L.) Grev.;SPECIES;Fungi;Ascomycota;Sordariomycetes;Xylariales;Xylariaceae;Xylaria;Xylaria hypoxylon;BE;Vlaanderen;51,039210;3,782575;2025-03-10T14:26:34;2025;HUMAN_OBSERVATION;iNaturalist;Observations;iNaturalist research-grade observations;cdc,cdround;50c9509d-22c7-4a22-a47d-8c48425ef4a7;28eb1a3f-1c15-4a95-931a-4af90ecb574d;997448a8-f762-11e1-a439-00145eb45e9a;28eb1a3f-1c15-4a95-931a-4af90ecb574d;US;DWC_ARCHIVE;2026-04-17T19:39:17.972+00:00;2026-04-18T07:53:39.345+00:00;589;PRESENT;5255147;5;95;320;1298;4168;2568748;5255147;5255147;Xylaria;hypoxylon;ACCEPTED;2025-03-10T14:36:20;NA;EUROPE;3;10;69;69;2025-04-12T03:02:38.000+00:00;2026-04-18T07:53:39.345+00:00;https://www.inaturalist.org/observations/264806086;http://creativecommons.org/licenses/by-nc/4.0/legalcode;FALSE;264806086;none;none;FALSE;Thibault;Thibault;WGS84;none;none;EUROPE;Belgium;NORTH_AMERICA;Thibault;264806086;titiavi;2025-03-10 14:26:34;Oost-Vlaanderen, Vlaanderen, BE;5104371332;https://www.inaturalist.org/observations/264806086;55267;wild;264806086;14:26:34+01:00;600110169;Xylaria hypoxylon (L.) Grev.;NA;NA;NA;NA;NA;NA;NA;NA;NA
Xylaria hypoxylon;5108495609;Xylaria hypoxylon (L.) Grev.;Xylaria hypoxylon (L.) Grev.;SPECIES;Fungi;Ascomycota;Sordariomycetes;Xylariales;Xylariaceae;Xylaria;Xylaria hypoxylon;BE;Vlaanderen;51,275385;4,793539;2025-04-01T17:11;2025;HUMAN_OBSERVATION;iNaturalist;Observations;iNaturalist research-grade observations;cdc,cdround;50c9509d-22c7-4a22-a47d-8c48425ef4a7;28eb1a3f-1c15-4a95-931a-4af90ecb574d;997448a8-f762-11e1-a439-00145eb45e9a;28eb1a3f-1c15-4a95-931a-4af90ecb574d;US;DWC_ARCHIVE;2026-04-17T19:39:17.972+00:00;2026-04-18T11:02:05.068+00:00;589;PRESENT;5255147;5;95;320;1298;4168;2568748;5255147;5255147;Xylaria;hypoxylon;ACCEPTED;2025-04-01T15:11:53;8;EUROPE;4;1;91;91;2025-04-26T02:46:27.000+00:00;2026-04-18T11:02:05.068+00:00;https://www.inaturalist.org/observations/268074256;http://creativecommons.org/licenses/by/4.0/legalcode;FALSE;268074256;none;none;FALSE;Freya Rinia;Freya Rinia;WGS84;none;none;EUROPE;Belgium;NORTH_AMERICA;Freya Rinia;268074256;freya64;2025-04-01 17:11:00;Wechelderzande, 2275 Lille, België;5108495609;https://www.inaturalist.org/observations/268074256;55267;wild;268074256;17:11:00+02:00;607731511;Xylaria hypoxylon (L.) Grev.;NA;NA;NA;NA;NA;NA;NA;NA;"{""evidenceOfPresence"":""gall""}"
Xylaria hypoxylon;5889304948;Xylaria hypoxylon (L.) Grev.;Xylaria hypoxylon (L.) Grev.;SPECIES;Fungi;Ascomycota;Sordariomycetes;Xylariales;Xylariaceae;Xylaria;Xylaria hypoxylon;BE;Vlaanderen;51,001271;4,205214;2025-10-27T11:02:49;2025;HUMAN_OBSERVATION;iNaturalist;Observations;iNaturalist research-grade observations;cdc,cdround;50c9509d-22c7-4a22-a47d-8c48425ef4a7;28eb1a3f-1c15-4a95-931a-4af90ecb574d;997448a8-f762-11e1-a439-00145eb45e9a;28eb1a3f-1c15-4a95-931a-4af90ecb574d;US;DWC_ARCHIVE;2026-04-17T19:39:17.972+00:00;2026-04-18T09:56:18.243+00:00;589;PRESENT;5255147;5;95;320;1298;4168;2568748;5255147;5255147;Xylaria;hypoxylon;ACCEPTED;2025-10-27T10:03:23;15;EUROPE;10;27;300;300;2025-10-29T16:20:16.000+00:00;2026-04-18T09:56:18.243+00:00;https://www.inaturalist.org/observations/323426085;http://creativecommons.org/licenses/by-nc/4.0/legalcode;FALSE;323426085;none;none;FALSE;skulldebull;skulldebull;WGS84;none;none;EUROPE;Belgium;NORTH_AMERICA;skulldebull;323426085;skulldebull;2025-10-27 11:02:49;Buggenhout, 9255 Buggenhout, België;5889304948;https://www.inaturalist.org/observations/323426085;55267;wild;323426085;11:02:49+01:00;718154571;Xylaria hypoxylon (L.) Grev.;NA;NA;NA;NA;NA;NA;NA;NA;NA
Xylaria hypoxylon;5897263636;Xylaria hypoxylon (L.) Grev.;Xylaria hypoxylon (L.) Grev.;SPECIES;Fungi;Ascomycota;Sordariomycetes;Xylariales;Xylariaceae;Xylaria;Xylaria hypoxylon;BE;Vlaanderen;50,771030;4,455084;2025-11-08T12:19;2025;HUMAN_OBSERVATION;iNaturalist;Observations;iNaturalist research-grade observations;cdc,cdround;50c9509d-22c7-4a22-a47d-8c48425ef4a7;28eb1a3f-1c15-4a95-931a-4af90ecb574d;997448a8-f762-11e1-a439-00145eb45e9a;28eb1a3f-1c15-4a95-931a-4af90ecb574d;US;DWC_ARCHIVE;2026-04-17T19:39:17.972+00:00;2026-04-18T08:10:27.250+00:00;589;PRESENT;5255147;5;95;320;1298;4168;2568748;5255147;5255147;Xylaria;hypoxylon;ACCEPTED;2025-11-09T16:49:46;15;EUROPE;11;8;312;312;2025-11-15T20:10:19.000+00:00;2026-04-18T08:10:27.250+00:00;https://www.inaturalist.org/observations/325710786;http://creativecommons.org/licenses/by/4.0/legalcode;FALSE;325710786;none;none;FALSE;Adrian Matala;Adrian Matala;WGS84;none;none;EUROPE;Belgium;NORTH_AMERICA;Adrian Matala;325710786;amatala;2025/11/08 12:19 PM;Hoeilaart, Belgium;5897263636;https://www.inaturalist.org/observations/325710786;55267;wild;325710786;12:19:00+01:00;723983701;Xylaria hypoxylon (L.) Grev.;NA;NA;NA;NA;3939,14849681986;https://www.inaturalist.org/projects/belgian-biodiversity;NA;NA;NA
Xylaria hypoxylon;5897450622;Xylaria hypoxylon (L.) Grev.;Xylaria hypoxylon (L.) Grev.;SPECIES;Fungi;Ascomycota;Sordariomycetes;Xylariales;Xylariaceae;Xylaria;Xylaria hypoxylon;BE;Vlaanderen;51,203220;2,942561;2025-11-15T10:59:38;2025;HUMAN_OBSERVATION;iNaturalist;Observations;iNaturalist research-grade observations;cdc,cdround;50c9509d-22c7-4a22-a47d-8c48425ef4a7;28eb1a3f-1c15-4a95-931a-4af90ecb574d;997448a8-f762-11e1-a439-00145eb45e9a;28eb1a3f-1c15-4a95-931a-4af90ecb574d;US;DWC_ARCHIVE;2026-04-17T19:39:17.972+00:00;2026-04-18T11:15:21.101+00:00;589;PRESENT;5255147;5;95;320;1298;4168;2568748;5255147;5255147;Xylaria;hypoxylon;ACCEPTED;2025-11-15T09:59:53;3;EUROPE;11;15;319;319;2025-11-15T10:25:31.000+00:00;2026-04-18T11:15:21.101+00:00;https://www.inaturalist.org/observations/326595133;http://creativecommons.org/licenses/by-nc/4.0/legalcode;FALSE;326595133;none;none;FALSE;stevenvermeesch;stevenvermeesch;WGS84;none;none;EUROPE;Belgium;NORTH_AMERICA;stevenvermeesch;326595133;stevenvermeesch;Sat Nov 15 2025 10:59:38 GMT +0100 (GMT+1);Oostende;5897450622;https://www.inaturalist.org/observations/326595133;55267;wild;326595133;10:59:38+01:00;726289723;Xylaria hypoxylon (L.) Grev.;NA;NA;NA;NA;NA;NA;NA;NA;NA
Xylaria hypoxylon;5903810336;Xylaria hypoxylon (L.) Grev.;Xylaria hypoxylon (L.) Grev.;SPECIES;Fungi;Ascomycota;Sordariomycetes;Xylariales;Xylariaceae;Xylaria;Xylaria hypoxylon;BE;Vlaanderen;51,052401;3,806057;2025-11-22T11:09:01;2025;HUMAN_OBSERVATION;iNaturalist;Observations;iNaturalist research-grade observations;cdc,cdround;50c9509d-22c7-4a22-a47d-8c48425ef4a7;28eb1a3f-1c15-4a95-931a-4af90ecb574d;997448a8-f762-11e1-a439-00145eb45e9a;28eb1a3f-1c15-4a95-931a-4af90ecb574d;US;DWC_ARCHIVE;2026-04-17T19:39:17.972+00:00;2026-04-18T11:15:37.580+00:00;589;PRESENT;5255147;5;95;320;1298;4168;2568748;5255147;5255147;Xylaria;hypoxylon;ACCEPTED;2025-11-22T20:49:09;NA;EUROPE;11;22;326;326;2025-12-07T11:44:30.000+00:00;2026-04-18T11:15:37.580+00:00;https://www.inaturalist.org/observations/327723041;http://creativecommons.org/licenses/by/4.0/legalcode;FALSE;327723041;none;none;FALSE;CaracalShan;CaracalShan;WGS84;none;none;EUROPE;Belgium;NORTH_AMERICA;CaracalShan;327723041;caracalshan;2025-11-22 11:09:01;Destelbergen, 9070 Destelbergen, België;5903810336;https://www.inaturalist.org/observations/327723041;55267;wild;327723041;11:09:01+01:00;729460796;Xylaria hypoxylon (L.) Grev.;NA;NA;NA;NA;NA;NA;NA;NA;NA
Xylaria hypoxylon;5903817330;Xylaria hypoxylon (L.) Grev.;Xylaria hypoxylon (L.) Grev.;SPECIES;Fungi;Ascomycota;Sordariomycetes;Xylariales;Xylariaceae;Xylaria;Xylaria hypoxylon;BE;Vlaanderen;50,785344;3,687522;2025-11-22T14:21;2025;HUMAN_OBSERVATION;iNaturalist;Observations;iNaturalist research-grade observations;cdc,cdround;50c9509d-22c7-4a22-a47d-8c48425ef4a7;28eb1a3f-1c15-4a95-931a-4af90ecb574d;997448a8-f762-11e1-a439-00145eb45e9a;28eb1a3f-1c15-4a95-931a-4af90ecb574d;US;DWC_ARCHIVE;2026-04-17T19:39:17.972+00:00;2026-04-18T09:57:41.123+00:00;589;PRESENT;5255147;5;95;320;1298;4168;2568748;5255147;5255147;Xylaria;hypoxylon;ACCEPTED;2025-11-23T22:23:14;NA;EUROPE;11;22;326;326;2025-11-26T13:09:27.000+00:00;2026-04-18T09:57:41.123+00:00;https://www.inaturalist.org/observations/327939132;http://creativecommons.org/licenses/by-nc/4.0/legalcode;FALSE;327939132;none;none;FALSE;Frederik Lerouge;Frederik Lerouge;WGS84;none;none;EUROPE;Belgium;NORTH_AMERICA;Frederik Lerouge;327939132;frederikl;2025/11/22 14:21;Oost-Vlaanderen, Vlaanderen, Belgium;5903817330;https://www.inaturalist.org/observations/327939132;55267;wild;327939132;14:21:00+01:00;729916984;Xylaria hypoxylon (L.) Grev.;NA;NA;NA;NA;NA;NA;NA;NA;NA
Xylaria hypoxylon;5904030707;Xylaria hypoxylon (L.) Grev.;Xylaria hypoxylon (L.) Grev.;SPECIES;Fungi;Ascomycota;Sordariomycetes;Xylariales;Xylariaceae;Xylaria;Xylaria hypoxylon;BE;Vlaanderen;50,874713;4,751981;2025-11-24T12:50;2025;HUMAN_OBSERVATION;iNaturalist;Observations;iNaturalist research-grade observations;cdc,cdround;50c9509d-22c7-4a22-a47d-8c48425ef4a7;28eb1a3f-1c15-4a95-931a-4af90ecb574d;997448a8-f762-11e1-a439-00145eb45e9a;28eb1a3f-1c15-4a95-931a-4af90ecb574d;US;DWC_ARCHIVE;2026-04-17T19:39:17.972+00:00;2026-04-18T08:11:02.875+00:00;589;PRESENT;5255147;5;95;320;1298;4168;2568748;5255147;5255147;Xylaria;hypoxylon;ACCEPTED;2025-11-24T15:25:22;1;EUROPE;11;24;328;328;2025-11-26T13:08:06.000+00:00;2026-04-18T08:11:02.875+00:00;https://www.inaturalist.org/observations/328062155;http://creativecommons.org/licenses/by-nc/4.0/legalcode;FALSE;328062155;none;none;FALSE;Frederik Lerouge;Frederik Lerouge;WGS84;none;none;EUROPE;Belgium;NORTH_AMERICA;Frederik Lerouge;328062155;frederikl;2025/11/24 12:50;Kessel-Lo, 3010 Leuven, België;5904030707;https://www.inaturalist.org/observations/328062155;55267;wild;328062155;12:50:00+01:00;730203323;Xylaria hypoxylon (L.) Grev.;NA;NA;NA;NA;NA;NA;NA;NA;NA
Xylaria hypoxylon;5908665621;Xylaria hypoxylon (L.) Grev.;Xylaria hypoxylon (L.) Grev.;SPECIES;Fungi;Ascomycota;Sordariomycetes;Xylariales;Xylariaceae;Xylaria;Xylaria hypoxylon;BE;Vlaanderen;50,807603;3,592196;2025-11-30T10:06:16;2025;HUMAN_OBSERVATION;iNaturalist;Observations;iNaturalist research-grade observations;cdc,cdround;50c9509d-22c7-4a22-a47d-8c48425ef4a7;28eb1a3f-1c15-4a95-931a-4af90ecb574d;997448a8-f762-11e1-a439-00145eb45e9a;28eb1a3f-1c15-4a95-931a-4af90ecb574d;US;DWC_ARCHIVE;2026-04-17T19:39:17.972+00:00;2026-04-18T09:57:58.245+00:00;589;PRESENT;5255147;5;95;320;1298;4168;2568748;5255147;5255147;Xylaria;hypoxylon;ACCEPTED;2025-11-30T12:22:11;NA;EUROPE;11;30;334;334;2025-12-07T11:44:28.000+00:00;2026-04-18T09:57:58.245+00:00;https://www.inaturalist.org/observations/328906166;http://creativecommons.org/licenses/by/4.0/legalcode;FALSE;328906166;none;none;FALSE;CaracalShan;CaracalShan;WGS84;none;none;EUROPE;Belgium;NORTH_AMERICA;CaracalShan;328906166;caracalshan;2025-11-30 10:06:16;Melden, 9700 Oudenaarde, België;5908665621;https://www.inaturalist.org/observations/328906166;55267;wild;328906166;10:06:16+01:00;732579759;Xylaria hypoxylon (L.) Grev.;NA;NA;NA;NA;NA;NA;NA;NA;NA
Xylaria hypoxylon;5909193010;Xylaria hypoxylon (L.) Grev.;Xylaria hypoxylon (L.) Grev.;SPECIES;Fungi;Ascomycota;Sordariomycetes;Xylariales;Xylariaceae;Xylaria;Xylaria hypoxylon;BE;Vlaanderen;50,866612;4,469444;2025-11-28T11:25:51;2025;HUMAN_OBSERVATION;iNaturalist;Observations;iNaturalist research-grade observations;cdc,cdround;50c9509d-22c7-4a22-a47d-8c48425ef4a7;28eb1a3f-1c15-4a95-931a-4af90ecb574d;997448a8-f762-11e1-a439-00145eb45e9a;28eb1a3f-1c15-4a95-931a-4af90ecb574d;US;DWC_ARCHIVE;2026-04-17T19:39:17.972+00:00;2026-04-18T08:11:14.896+00:00;589;PRESENT;5255147;5;95;320;1298;4168;2568748;5255147;5255147;Xylaria;hypoxylon;ACCEPTED;2025-11-28T16:12:47;NA;EUROPE;11;28;332;332;2025-12-07T11:44:28.000+00:00;2026-04-18T08:11:14.896+00:00;https://www.inaturalist.org/observations/328629834;http://creativecommons.org/licenses/by/4.0/legalcode;FALSE;328629834;none;none;FALSE;CaracalShan;CaracalShan;WGS84;none;none;EUROPE;Belgium;NORTH_AMERICA;CaracalShan;328629834;caracalshan;2025-11-28 11:25:51;Sterrebeek, Zaventem, België;5909193010;https://www.inaturalist.org/observations/328629834;55267;wild;328629834;11:25:51+01:00;731865769;Xylaria hypoxylon (L.) Grev.;NA;NA;NA;NA;NA;NA;NA;NA;NA
Xylaria hypoxylon;5909256323;Xylaria hypoxylon (L.) Grev.;Xylaria hypoxylon (L.) Grev.;SPECIES;Fungi;Ascomycota;Sordariomycetes;Xylariales;Xylariaceae;Xylaria;Xylaria hypoxylon;BE;Vlaanderen;50,876144;4,742508;2025-11-30T12:59;2025;HUMAN_OBSERVATION;iNaturalist;Observations;iNaturalist research-grade observations;cdc,cdround;50c9509d-22c7-4a22-a47d-8c48425ef4a7;28eb1a3f-1c15-4a95-931a-4af90ecb574d;997448a8-f762-11e1-a439-00145eb45e9a;28eb1a3f-1c15-4a95-931a-4af90ecb574d;US;DWC_ARCHIVE;2026-04-17T19:39:17.972+00:00;2026-04-18T08:11:23.373+00:00;589;PRESENT;5255147;5;95;320;1298;4168;2568748;5255147;5255147;Xylaria;hypoxylon;ACCEPTED;2025-11-30T12:39:03;4;EUROPE;11;30;334;334;2025-11-30T18:56:02.000+00:00;2026-04-18T08:11:23.373+00:00;https://www.inaturalist.org/observations/328907555;http://creativecommons.org/licenses/by-nc/4.0/legalcode;FALSE;328907555;none;none;FALSE;Frederik Lerouge;Frederik Lerouge;WGS84;none;none;EUROPE;Belgium;NORTH_AMERICA;Frederik Lerouge;328907555;frederikl;2025/11/30 12:59;Kessel-Lo, 3010 Leuven, België;5909256323;https://www.inaturalist.org/observations/328907555;55267;wild;328907555;12:59:00+01:00;732584027;Xylaria hypoxylon (L.) Grev.;NA;NA;NA;NA;NA;NA;NA;NA;NA
Xylaria hypoxylon;5909331594;Xylaria hypoxylon (L.) Grev.;Xylaria hypoxylon (L.) Grev.;SPECIES;Fungi;Ascomycota;Sordariomycetes;Xylariales;Xylariaceae;Xylaria;Xylaria hypoxylon;BE;Vlaanderen;50,761483;4,447997;2025-11-24T13:10:24;2025;HUMAN_OBSERVATION;iNaturalist;Observations;iNaturalist research-grade observations;cdc,cdround;50c9509d-22c7-4a22-a47d-8c48425ef4a7;28eb1a3f-1c15-4a95-931a-4af90ecb574d;997448a8-f762-11e1-a439-00145eb45e9a;28eb1a3f-1c15-4a95-931a-4af90ecb574d;US;DWC_ARCHIVE;2026-04-17T19:39:17.972+00:00;2026-04-18T11:15:46.880+00:00;589;PRESENT;5255147;5;95;320;1298;4168;2568748;5255147;5255147;Xylaria;hypoxylon;ACCEPTED;2025-11-25T21:42:35;27;EUROPE;11;24;328;328;2025-11-26T11:04:36.000+00:00;2026-04-18T11:15:46.880+00:00;https://www.inaturalist.org/observations/328254832;http://creativecommons.org/licenses/by-nc/4.0/legalcode;FALSE;328254832;none;none;FALSE;Tomas Miskov;Tomas Miskov;WGS84;none;none;EUROPE;Belgium;NORTH_AMERICA;Tomas Miskov;328254832;imotvoksim;2025-11-24 13:10:24;Steenbrugdreef, Hoeilaart, Flemish Brabant, BE;5909331594;https://www.inaturalist.org/observations/328254832;55267;wild;328254832;13:10:24+01:00;730739736;Xylaria hypoxylon (L.) Grev.;NA;NA;NA;NA;3885,60293984075;NA;NA;NA;NA
Xylaria hypoxylon;5920404317;Xylaria hypoxylon (L.) Grev.;Xylaria hypoxylon (L.) Grev.;SPECIES;Fungi;Ascomycota;Sordariomycetes;Xylariales;Xylariaceae;Xylaria;Xylaria hypoxylon;BE;Vlaanderen;51,057045;3,688063;2025-11-23T13:44:03;2025;HUMAN_OBSERVATION;iNaturalist;Observations;iNaturalist research-grade observations;cdc,cdround;50c9509d-22c7-4a22-a47d-8c48425ef4a7;28eb1a3f-1c15-4a95-931a-4af90ecb574d;997448a8-f762-11e1-a439-00145eb45e9a;28eb1a3f-1c15-4a95-931a-4af90ecb574d;US;DWC_ARCHIVE;2026-04-17T19:39:17.972+00:00;2026-04-18T11:15:36.867+00:00;589;PRESENT;5255147;5;95;320;1298;4168;2568748;5255147;5255147;Xylaria;hypoxylon;ACCEPTED;2025-11-26T13:10:14;NA;EUROPE;11;23;327;327;2025-12-07T19:58:55.000+00:00;2026-04-18T11:15:36.867+00:00;https://www.inaturalist.org/observations/327848277;http://creativecommons.org/licenses/by-nc/4.0/legalcode;FALSE;327848277;none;none;FALSE;Thibault;Vincent B.;WGS84;none;none;EUROPE;Belgium;NORTH_AMERICA;Thibault;327848277;titiavi;2025-11-23 13:44:03;Oost-Vlaanderen, Vlaanderen, BE;5920404317;https://www.inaturalist.org/observations/327848277;55267;wild;327848277;13:44:03+01:00;731005709;Xylaria hypoxylon (L.) Grev.;NA;NA;NA;NA;NA;NA;NA;NA;NA
Xylaria hypoxylon;5938355408;Xylaria hypoxylon (L.) Grev.;Xylaria hypoxylon (L.) Grev.;SPECIES;Fungi;Ascomycota;Sordariomycetes;Xylariales;Xylariaceae;Xylaria;Xylaria hypoxylon;BE;Vlaanderen;50,839783;4,686025;2025-11-07T02:33:10;2025;HUMAN_OBSERVATION;iNaturalist;Observations;iNaturalist research-grade observations;cdc,cdround;50c9509d-22c7-4a22-a47d-8c48425ef4a7;28eb1a3f-1c15-4a95-931a-4af90ecb574d;997448a8-f762-11e1-a439-00145eb45e9a;28eb1a3f-1c15-4a95-931a-4af90ecb574d;US;DWC_ARCHIVE;2026-04-17T19:39:17.972+00:00;2026-04-18T08:10:19.424+00:00;589;PRESENT;5255147;5;95;320;1298;4168;2568748;5255147;5255147;Xylaria;hypoxylon;ACCEPTED;2025-11-07T01:34:34;391;EUROPE;11;7;311;311;2026-01-03T21:32:50.000+00:00;2026-04-18T08:10:19.424+00:00;https://www.inaturalist.org/observations/325272316;http://creativecommons.org/licenses/by-nc/4.0/legalcode;FALSE;325272316;none;none;FALSE;Bernd De Bosscher;Bernd De Bosscher;WGS84;none;none;EUROPE;Belgium;NORTH_AMERICA;Bernd De Bosscher;325272316;biology_student_belgium;2025-11-07 02:33:10;Heverleebos;5938355408;https://www.inaturalist.org/observations/325272316;55267;wild;325272316;02:33:10+01:00;722901519;Xylaria hypoxylon (L.) Grev.;NA;NA;NA;NA;NA;NA;NA;NA;NA
Xylaria hypoxylon;5938554636;Xylaria hypoxylon (L.) Grev.;Xylaria hypoxylon (L.) Grev.;SPECIES;Fungi;Ascomycota;Sordariomycetes;Xylariales;Xylariaceae;Xylaria;Xylaria hypoxylon;BE;Vlaanderen;50,983299;2,858776;2025-11-15T17:22:16;2025;HUMAN_OBSERVATION;iNaturalist;Observations;iNaturalist research-grade observations;cdc,cdround;50c9509d-22c7-4a22-a47d-8c48425ef4a7;28eb1a3f-1c15-4a95-931a-4af90ecb574d;997448a8-f762-11e1-a439-00145eb45e9a;28eb1a3f-1c15-4a95-931a-4af90ecb574d;US;DWC_ARCHIVE;2026-04-17T19:39:17.972+00:00;2026-04-18T08:10:40.535+00:00;589;PRESENT;5255147;5;95;320;1298;4168;2568748;5255147;5255147;Xylaria;hypoxylon;ACCEPTED;2025-11-15T16:30:31;1058;EUROPE;11;15;319;319;2026-01-03T21:33:11.000+00:00;2026-04-18T08:10:40.535+00:00;https://www.inaturalist.org/observations/326637120;http://creativecommons.org/licenses/by-nc/4.0/legalcode;FALSE;326637120;none;none;FALSE;Bernd De Bosscher;Bernd De Bosscher;WGS84;none;none;EUROPE;Belgium;NORTH_AMERICA;Bernd De Bosscher;326637120;biology_student_belgium;2025-11-15 17:22:16;De Blankaart;5938554636;https://www.inaturalist.org/observations/326637120;55267;wild;326637120;17:22:16+01:00;726387844;Xylaria hypoxylon (L.) Grev.;NA;NA;NA;NA;NA;NA;NA;NA;NA
Xylaria hypoxylon;5909241901;Xylaria hypoxylon (L.) Grev.;Xylaria hypoxylon (L.) Grev.;SPECIES;Fungi;Ascomycota;Sordariomycetes;Xylariales;Xylariaceae;Xylaria;Xylaria hypoxylon;BE;Vlaanderen;50,863795;4,442183;2025-12-01T13:38:36;2025;HUMAN_OBSERVATION;iNaturalist;Observations;iNaturalist research-grade observations;cdc,cdround;50c9509d-22c7-4a22-a47d-8c48425ef4a7;28eb1a3f-1c15-4a95-931a-4af90ecb574d;997448a8-f762-11e1-a439-00145eb45e9a;28eb1a3f-1c15-4a95-931a-4af90ecb574d;US;DWC_ARCHIVE;2026-04-17T19:39:17.972+00:00;2026-04-18T11:15:54.114+00:00;589;PRESENT;5255147;5;95;320;1298;4168;2568748;5255147;5255147;Xylaria;hypoxylon;ACCEPTED;2025-12-01T15:25:05;NA;EUROPE;12;1;335;335;2025-12-07T11:44:30.000+00:00;2026-04-18T11:15:54.114+00:00;https://www.inaturalist.org/observations/329074968;http://creativecommons.org/licenses/by/4.0/legalcode;FALSE;329074968;none;none;FALSE;CaracalShan;CaracalShan;WGS84;none;none;EUROPE;Belgium;NORTH_AMERICA;CaracalShan;329074968;caracalshan;2025-12-01 13:38:36;Sint-Stevens-Woluwe Lange Wagenstraat, 1932 Zaventem, België;5909241901;https://www.inaturalist.org/observations/329074968;55267;wild;329074968;13:38:36+01:00;733058214;Xylaria hypoxylon (L.) Grev.;NA;NA;NA;NA;NA;NA;NA;NA;NA
Xylaria hypoxylon;5932700438;Xylaria hypoxylon (L.) Grev.;Xylaria hypoxylon (L.) Grev.;SPECIES;Fungi;Ascomycota;Sordariomycetes;Xylariales;Xylariaceae;Xylaria;Xylaria hypoxylon;BE;Vlaanderen;50,827509;3,293434;2025-12-09T16:01;2025;HUMAN_OBSERVATION;iNaturalist;Observations;iNaturalist research-grade observations;cdc,cdround;50c9509d-22c7-4a22-a47d-8c48425ef4a7;28eb1a3f-1c15-4a95-931a-4af90ecb574d;997448a8-f762-11e1-a439-00145eb45e9a;28eb1a3f-1c15-4a95-931a-4af90ecb574d;US;DWC_ARCHIVE;2026-04-17T19:39:17.972+00:00;2026-04-18T08:11:37.423+00:00;589;PRESENT;5255147;5;95;320;1298;4168;2568748;5255147;5255147;Xylaria;hypoxylon;ACCEPTED;2025-12-11T10:46:19;15;EUROPE;12;9;343;343;2025-12-11T13:10:17.000+00:00;2026-04-18T08:11:37.423+00:00;https://www.inaturalist.org/observations/330327400;http://creativecommons.org/licenses/by-nc/4.0/legalcode;FALSE;330327400;none;none;FALSE;Nico Vromant;Heiko Weber;WGS84;none;none;EUROPE;Belgium;NORTH_AMERICA;Nico Vromant;330327400;nicochau;2025/12/09 4:01 PM;Kortrijk, 8500 Kortrijk, Belgium;5932700438;https://www.inaturalist.org/observations/330327400;55267;wild;330327400;16:01:00+01:00;736889379;Xylaria hypoxylon (L.) Grev.;NA;NA;NA;NA;NA;NA;NA;NA;NA
Xylaria hypoxylon;4973797544;Xylaria hypoxylon (L.) Grev.;Xylaria hypoxylon (L.) Grev.;SPECIES;Fungi;Ascomycota;Sordariomycetes;Xylariales;Xylariaceae;Xylaria;Xylaria hypoxylon;BE;Vlaanderen;51,318059;4,634077;2024-10-11T12:35:49;2024;HUMAN_OBSERVATION;iNaturalist;Observations;iNaturalist research-grade observations;cdc,cdround;50c9509d-22c7-4a22-a47d-8c48425ef4a7;28eb1a3f-1c15-4a95-931a-4af90ecb574d;997448a8-f762-11e1-a439-00145eb45e9a;28eb1a3f-1c15-4a95-931a-4af90ecb574d;US;DWC_ARCHIVE;2026-04-17T19:39:17.972+00:00;2026-04-18T10:57:37.275+00:00;589;PRESENT;5255147;5;95;320;1298;4168;2568748;5255147;5255147;Xylaria;hypoxylon;ACCEPTED;2024-10-13T14:17:17;NA;EUROPE;10;11;285;285;2024-11-24T17:35:41.000+00:00;2026-04-18T10:57:37.275+00:00;https://www.inaturalist.org/observations/247118816;http://creativecommons.org/licenses/by-nc/4.0/legalcode;FALSE;247118816;none;none;FALSE;Ine;Ine;WGS84;none;none;EUROPE;Belgium;NORTH_AMERICA;Ine;247118816;inewil;2024-10-11 12:35:49;Brecht, 2960 Brecht, België;4973797544;https://www.inaturalist.org/observations/247118816;55267;wild;247118816;12:35:49+02:00;551999728;Xylaria hypoxylon (L.) Grev.;NA;NA;NA;NA;NA;NA;NA;NA;NA
Xylaria hypoxylon;4973909666;Xylaria hypoxylon (L.) Grev.;Xylaria hypoxylon (L.) Grev.;SPECIES;Fungi;Ascomycota;Sordariomycetes;Xylariales;Xylariaceae;Xylaria;Xylaria hypoxylon;BE;Vlaanderen;50,829941;4,526046;2024-10-17T13:48;2024;HUMAN_OBSERVATION;iNaturalist;Observations;iNaturalist research-grade observations;cdc,cdround;50c9509d-22c7-4a22-a47d-8c48425ef4a7;28eb1a3f-1c15-4a95-931a-4af90ecb574d;997448a8-f762-11e1-a439-00145eb45e9a;28eb1a3f-1c15-4a95-931a-4af90ecb574d;US;DWC_ARCHIVE;2026-04-17T19:39:17.972+00:00;2026-04-18T07:49:52.616+00:00;589;PRESENT;5255147;5;95;320;1298;4168;2568748;5255147;5255147;Xylaria;hypoxylon;ACCEPTED;2024-10-17T20:03:11;4;EUROPE;10;17;291;291;2024-11-24T17:37:58.000+00:00;2026-04-18T07:49:52.616+00:00;https://www.inaturalist.org/observations/247811853;http://creativecommons.org/licenses/by-nc/4.0/legalcode;FALSE;247811853;none;none;FALSE;wouterh;wouterh;WGS84;none;none;EUROPE;Belgium;NORTH_AMERICA;wouterh;247811853;wouterh;2024/10/17 1:48 PM;Tervuren, Belgium;4973909666;https://www.inaturalist.org/observations/247811853;55267;wild;247811853;13:48:00+02:00;553604563;Xylaria hypoxylon (L.) Grev.;NA;NA;NA;NA;NA;NA;NA;NA;NA
Xylaria hypoxylon;4973925888;Xylaria hypoxylon (L.) Grev.;Xylaria hypoxylon (L.) Grev.;SPECIES;Fungi;Ascomycota;Sordariomycetes;Xylariales;Xylariaceae;Xylaria;Xylaria hypoxylon;BE;Vlaanderen;50,830242;4,525523;2024-10-17T13:38;2024;HUMAN_OBSERVATION;iNaturalist;Observations;iNaturalist research-grade observations;cdc,cdround;50c9509d-22c7-4a22-a47d-8c48425ef4a7;28eb1a3f-1c15-4a95-931a-4af90ecb574d;997448a8-f762-11e1-a439-00145eb45e9a;28eb1a3f-1c15-4a95-931a-4af90ecb574d;US;DWC_ARCHIVE;2026-04-17T19:39:17.972+00:00;2026-04-18T07:49:53.323+00:00;589;PRESENT;5255147;5;95;320;1298;4168;2568748;5255147;5255147;Xylaria;hypoxylon;ACCEPTED;2024-10-17T20:03:05;2;EUROPE;10;17;291;291;2024-11-24T17:37:57.000+00:00;2026-04-18T07:49:53.323+00:00;https://www.inaturalist.org/observations/247811826;http://creativecommons.org/licenses/by-nc/4.0/legalcode;FALSE;247811826;none;none;FALSE;wouterh;wouterh;WGS84;none;none;EUROPE;Belgium;NORTH_AMERICA;wouterh;247811826;wouterh;2024/10/17 1:38 PM;Tervuren, Belgium;4973925888;https://www.inaturalist.org/observations/247811826;55267;wild;247811826;13:38:00+02:00;553604529;Xylaria hypoxylon (L.) Grev.;NA;NA;NA;NA;NA;NA;NA;NA;NA
Xylaria hypoxylon;4973976747;Xylaria hypoxylon (L.) Grev.;Xylaria hypoxylon (L.) Grev.;SPECIES;Fungi;Ascomycota;Sordariomycetes;Xylariales;Xylariaceae;Xylaria;Xylaria hypoxylon;BE;Vlaanderen;50,855577;4,786994;2024-10-18T11:16;2024;HUMAN_OBSERVATION;iNaturalist;Observations;iNaturalist research-grade observations;cdc,cdround;50c9509d-22c7-4a22-a47d-8c48425ef4a7;28eb1a3f-1c15-4a95-931a-4af90ecb574d;997448a8-f762-11e1-a439-00145eb45e9a;28eb1a3f-1c15-4a95-931a-4af90ecb574d;US;DWC_ARCHIVE;2026-04-17T19:39:17.972+00:00;2026-04-18T09:29:55.206+00:00;589;PRESENT;5255147;5;95;320;1298;4168;2568748;5255147;5255147;Xylaria;hypoxylon;ACCEPTED;2024-10-20T20:33:12;NA;EUROPE;10;18;292;292;2024-11-24T17:42:18.000+00:00;2026-04-18T09:29:55.206+00:00;https://www.inaturalist.org/observations/248339144;http://creativecommons.org/licenses/by-nc/4.0/legalcode;FALSE;248339144;none;none;FALSE;Frederik Lerouge;Frederik Lerouge;WGS84;none;none;EUROPE;Belgium;NORTH_AMERICA;Frederik Lerouge;248339144;frederikl;2024/10/18 11:16;Lovenjoel, Bierbeek, België;4973976747;https://www.inaturalist.org/observations/248339144;55267;wild;248339144;11:16:00+02:00;554753124;Xylaria hypoxylon (L.) Grev.;NA;NA;NA;NA;NA;NA;NA;NA;NA
Xylaria hypoxylon;4974004573;Xylaria hypoxylon (L.) Grev.;Xylaria hypoxylon (L.) Grev.;SPECIES;Fungi;Ascomycota;Sordariomycetes;Xylariales;Xylariaceae;Xylaria;Xylaria hypoxylon;BE;Vlaanderen;50,830461;4,533395;2024-10-17T14:18;2024;HUMAN_OBSERVATION;iNaturalist;Observations;iNaturalist research-grade observations;cdc,cdround;50c9509d-22c7-4a22-a47d-8c48425ef4a7;28eb1a3f-1c15-4a95-931a-4af90ecb574d;997448a8-f762-11e1-a439-00145eb45e9a;28eb1a3f-1c15-4a95-931a-4af90ecb574d;US;DWC_ARCHIVE;2026-04-17T19:39:17.972+00:00;2026-04-18T09:29:39.176+00:00;589;PRESENT;5255147;5;95;320;1298;4168;2568748;5255147;5255147;Xylaria;hypoxylon;ACCEPTED;2024-10-17T20:03:31;4;EUROPE;10;17;291;291;2024-11-24T17:37:59.000+00:00;2026-04-18T09:29:39.176+00:00;https://www.inaturalist.org/observations/247811908;http://creativecommons.org/licenses/by-nc/4.0/legalcode;FALSE;247811908;none;none;FALSE;wouterh;wouterh;WGS84;none;none;EUROPE;Belgium;NORTH_AMERICA;wouterh;247811908;wouterh;2024/10/17 2:18 PM;Tervuren, Belgium;4974004573;https://www.inaturalist.org/observations/247811908;55267;wild;247811908;14:18:00+02:00;553604661;Xylaria hypoxylon (L.) Grev.;NA;NA;NA;NA;NA;NA;NA;NA;NA
Xylaria hypoxylon;4974309931;Xylaria hypoxylon (L.) Grev.;Xylaria hypoxylon (L.) Grev.;SPECIES;Fungi;Ascomycota;Sordariomycetes;Xylariales;Xylariaceae;Xylaria;Xylaria hypoxylon;BE;Vlaanderen;51,318010;4,634146;2024-10-11T12:27:15;2024;HUMAN_OBSERVATION;iNaturalist;Observations;iNaturalist research-grade observations;cdc,cdround;50c9509d-22c7-4a22-a47d-8c48425ef4a7;28eb1a3f-1c15-4a95-931a-4af90ecb574d;997448a8-f762-11e1-a439-00145eb45e9a;28eb1a3f-1c15-4a95-931a-4af90ecb574d;US;DWC_ARCHIVE;2026-04-17T19:39:17.972+00:00;2026-04-18T07:49:44.411+00:00;589;PRESENT;5255147;5;95;320;1298;4168;2568748;5255147;5255147;Xylaria;hypoxylon;ACCEPTED;2024-10-13T14:23:20;NA;EUROPE;10;11;285;285;2024-11-24T17:35:42.000+00:00;2026-04-18T07:49:44.411+00:00;https://www.inaturalist.org/observations/247119822;http://creativecommons.org/licenses/by-nc/4.0/legalcode;FALSE;247119822;none;none;FALSE;Ine;Ine;WGS84;none;none;EUROPE;Belgium;NORTH_AMERICA;Ine;247119822;inewil;2024-10-11 12:27:15;Brecht, 2960 Brecht, België;4974309931;https://www.inaturalist.org/observations/247119822;55267;wild;247119822;12:27:15+02:00;552001826;Xylaria hypoxylon (L.) Grev.;NA;NA;NA;NA;NA;https://www.inaturalist.org/projects/fungi-mushrooms;NA;NA;NA
Xylaria hypoxylon;4978226760;Xylaria hypoxylon (L.) Grev.;Xylaria hypoxylon (L.) Grev.;SPECIES;Fungi;Ascomycota;Sordariomycetes;Xylariales;Xylariaceae;Xylaria;Xylaria hypoxylon;BE;Vlaanderen;51,084868;3,362618;2024-10-30T13:49:38;2024;HUMAN_OBSERVATION;iNaturalist;Observations;iNaturalist research-grade observations;cdc,cdround;50c9509d-22c7-4a22-a47d-8c48425ef4a7;28eb1a3f-1c15-4a95-931a-4af90ecb574d;997448a8-f762-11e1-a439-00145eb45e9a;28eb1a3f-1c15-4a95-931a-4af90ecb574d;US;DWC_ARCHIVE;2026-04-17T19:39:17.972+00:00;2026-04-18T10:58:13.930+00:00;589;PRESENT;5255147;5;95;320;1298;4168;2568748;5255147;5255147;Xylaria;hypoxylon;ACCEPTED;2024-10-31T19:35:13;NA;EUROPE;10;30;304;304;2024-11-24T17:54:33.000+00:00;2026-04-18T10:58:13.930+00:00;https://www.inaturalist.org/observations/249921691;http://creativecommons.org/licenses/by-nc/4.0/legalcode;FALSE;249921691;none;none;FALSE;Johan Devos;Johan Devos;WGS84;none;none;EUROPE;Belgium;NORTH_AMERICA;Johan Devos;249921691;johan145;2024-10-30 13:49:38;8755 Ruiselede, België;4978226760;https://www.inaturalist.org/observations/249921691;55267;wild;249921691;13:49:38+01:00;559285369;Xylaria hypoxylon (L.) Grev.;NA;NA;NA;NA;NA;NA;NA;NA;NA
Xylaria hypoxylon;4978361010;Xylaria hypoxylon (L.) Grev.;Xylaria hypoxylon (L.) Grev.;SPECIES;Fungi;Ascomycota;Sordariomycetes;Xylariales;Xylariaceae;Xylaria;Xylaria hypoxylon;BE;Vlaanderen;50,927220;4,058800;2024-10-20T13:29;2024;HUMAN_OBSERVATION;iNaturalist;Observations;iNaturalist research-grade observations;cdc,cdround;50c9509d-22c7-4a22-a47d-8c48425ef4a7;28eb1a3f-1c15-4a95-931a-4af90ecb574d;997448a8-f762-11e1-a439-00145eb45e9a;28eb1a3f-1c15-4a95-931a-4af90ecb574d;US;DWC_ARCHIVE;2026-04-17T19:39:17.972+00:00;2026-04-18T09:29:59.723+00:00;589;PRESENT;5255147;5;95;320;1298;4168;2568748;5255147;5255147;Xylaria;hypoxylon;ACCEPTED;2024-10-22T14:49:50;15;EUROPE;10;20;294;294;2024-11-24T17:43:23.000+00:00;2026-04-18T09:29:59.723+00:00;https://www.inaturalist.org/observations/248605685;http://creativecommons.org/licenses/by-nc/4.0/legalcode;FALSE;248605685;none;none;FALSE;Frederik V. Holsbeeck;Frederik V. Holsbeeck;WGS84;none;none;EUROPE;Belgium;NORTH_AMERICA;Frederik V. Holsbeeck;248605685;frvh1;2024/10/20 13:29;Aalst, 9300 Aalst, België;4978361010;https://www.inaturalist.org/observations/248605685;55267;wild;248605685;13:29:00+02:00;555402205;Xylaria hypoxylon (L.) Grev.;NA;NA;NA;NA;NA;NA;NA;NA;NA
Xylaria hypoxylon;4978449178;Xylaria hypoxylon (L.) Grev.;Xylaria hypoxylon (L.) Grev.;SPECIES;Fungi;Ascomycota;Sordariomycetes;Xylariales;Xylariaceae;Xylaria;Xylaria hypoxylon;BE;Vlaanderen;50,927157;4,058802;2024-10-20T13:29;2024;HUMAN_OBSERVATION;iNaturalist;Observations;iNaturalist research-grade observations;cdc,cdround;50c9509d-22c7-4a22-a47d-8c48425ef4a7;28eb1a3f-1c15-4a95-931a-4af90ecb574d;997448a8-f762-11e1-a439-00145eb45e9a;28eb1a3f-1c15-4a95-931a-4af90ecb574d;US;DWC_ARCHIVE;2026-04-17T19:39:17.972+00:00;2026-04-18T09:29:58.276+00:00;589;PRESENT;5255147;5;95;320;1298;4168;2568748;5255147;5255147;Xylaria;hypoxylon;ACCEPTED;2024-10-22T14:49:50;8;EUROPE;10;20;294;294;2024-11-24T17:43:22.000+00:00;2026-04-18T09:29:58.276+00:00;https://www.inaturalist.org/observations/248605682;http://creativecommons.org/licenses/by-nc/4.0/legalcode;FALSE;248605682;none;none;FALSE;Frederik V. Holsbeeck;Frederik V. Holsbeeck;WGS84;none;none;EUROPE;Belgium;NORTH_AMERICA;Frederik V. Holsbeeck;248605682;frvh1;2024/10/20 13:29;Aalst, 9300 Aalst, België;4978449178;https://www.inaturalist.org/observations/248605682;55267;wild;248605682;13:29:00+02:00;555402200;Xylaria hypoxylon (L.) Grev.;NA;NA;NA;NA;NA;NA;NA;NA;NA
Xylaria hypoxylon;4978581252;Xylaria hypoxylon (L.) Grev.;Xylaria hypoxylon (L.) Grev.;SPECIES;Fungi;Ascomycota;Sordariomycetes;Xylariales;Xylariaceae;Xylaria;Xylaria hypoxylon;BE;Vlaanderen;50,990150;5,142531;2024-10-30T08:44:32;2024;HUMAN_OBSERVATION;iNaturalist;Observations;iNaturalist research-grade observations;cdc,cdround;50c9509d-22c7-4a22-a47d-8c48425ef4a7;28eb1a3f-1c15-4a95-931a-4af90ecb574d;997448a8-f762-11e1-a439-00145eb45e9a;28eb1a3f-1c15-4a95-931a-4af90ecb574d;US;DWC_ARCHIVE;2026-04-17T19:39:17.972+00:00;2026-04-18T10:58:10.405+00:00;589;PRESENT;5255147;5;95;320;1298;4168;2568748;5255147;5255147;Xylaria;hypoxylon;ACCEPTED;2024-10-30T07:45:47;4;EUROPE;10;30;304;304;2024-11-24T17:52:43.000+00:00;2026-04-18T10:58:10.405+00:00;https://www.inaturalist.org/observations/249731207;http://creativecommons.org/licenses/by-nc/4.0/legalcode;FALSE;249731207;none;none;FALSE;Marleen 61;Marleen 61;WGS84;none;none;EUROPE;Belgium;NORTH_AMERICA;Marleen 61;249731207;marleen61;2024-10-30 08:44:32+01:00;Sint-Annastraat, Lummen, Limburg, BE;4978581252;https://www.inaturalist.org/observations/249731207;55267;wild;249731207;08:44:32+01:00;558682068;Xylaria hypoxylon (L.) Grev.;NA;NA;NA;NA;NA;NA;NA;NA;NA
Xylaria hypoxylon;4978587371;Xylaria hypoxylon (L.) Grev.;Xylaria hypoxylon (L.) Grev.;SPECIES;Fungi;Ascomycota;Sordariomycetes;Xylariales;Xylariaceae;Xylaria;Xylaria hypoxylon;BE;Vlaanderen;51,155639;3,461897;2024-10-23T16:00:57;2024;HUMAN_OBSERVATION;iNaturalist;Observations;iNaturalist research-grade observations;cdc,cdround;50c9509d-22c7-4a22-a47d-8c48425ef4a7;28eb1a3f-1c15-4a95-931a-4af90ecb574d;997448a8-f762-11e1-a439-00145eb45e9a;28eb1a3f-1c15-4a95-931a-4af90ecb574d;US;DWC_ARCHIVE;2026-04-17T19:39:17.972+00:00;2026-04-18T07:50:08.312+00:00;589;PRESENT;5255147;5;95;320;1298;4168;2568748;5255147;5255147;Xylaria;hypoxylon;ACCEPTED;2024-10-27T16:29:57;7;EUROPE;10;23;297;297;2024-11-24T17:50:09.000+00:00;2026-04-18T07:50:08.312+00:00;https://www.inaturalist.org/observations/249348006;http://creativecommons.org/licenses/by-nc/4.0/legalcode;FALSE;249348006;none;none;FALSE;brigittevann;brigittevann;WGS84;none;none;EUROPE;Belgium;NORTH_AMERICA;brigittevann;249348006;brigittevann;2024-10-23 16:00:57;Oost-Vlaanderen, Vlaanderen, BE;4978587371;https://www.inaturalist.org/observations/249348006;55267;wild;249348006;16:00:57+02:00;557361699;Xylaria hypoxylon (L.) Grev.;NA;NA;NA;NA;NA;NA;NA;NA;NA
Xylaria hypoxylon;4978587569;Xylaria hypoxylon (L.) Grev.;Xylaria hypoxylon (L.) Grev.;SPECIES;Fungi;Ascomycota;Sordariomycetes;Xylariales;Xylariaceae;Xylaria;Xylaria hypoxylon;BE;Vlaanderen;50,929452;4,090000;2024-10-26T14:11;2024;HUMAN_OBSERVATION;iNaturalist;Observations;iNaturalist research-grade observations;cdc,cdround;50c9509d-22c7-4a22-a47d-8c48425ef4a7;28eb1a3f-1c15-4a95-931a-4af90ecb574d;997448a8-f762-11e1-a439-00145eb45e9a;28eb1a3f-1c15-4a95-931a-4af90ecb574d;US;DWC_ARCHIVE;2026-04-17T19:39:17.972+00:00;2026-04-18T07:50:16.425+00:00;589;PRESENT;5255147;5;95;320;1298;4168;2568748;5255147;5255147;Xylaria;hypoxylon;ACCEPTED;2024-10-30T11:00:41;31;EUROPE;10;26;300;300;2024-11-24T17:52:47.000+00:00;2026-04-18T07:50:16.425+00:00;https://www.inaturalist.org/observations/249742356;http://creativecommons.org/licenses/by-nc/4.0/legalcode;FALSE;249742356;none;none;FALSE;Frederik V. Holsbeeck;Frederik V. Holsbeeck;WGS84;none;none;EUROPE;Belgium;NORTH_AMERICA;Frederik V. Holsbeeck;249742356;frvh1;2024/10/26 14:11;Erembodegem, 9320 Aalst, België;4978587569;https://www.inaturalist.org/observations/249742356;55267;wild;249742356;14:11:00+02:00;558722565;Xylaria hypoxylon (L.) Grev.;NA;NA;NA;NA;NA;NA;NA;NA;NA
Xylaria hypoxylon;5938502132;Xylaria hypoxylon (L.) Grev.;Xylaria hypoxylon (L.) Grev.;SPECIES;Fungi;Ascomycota;Sordariomycetes;Xylariales;Xylariaceae;Xylaria;Xylaria hypoxylon;BE;Vlaanderen;50,801321;3,289296;2024-10-09T01:13:04;2024;HUMAN_OBSERVATION;iNaturalist;Observations;iNaturalist research-grade observations;cdc,cdround;50c9509d-22c7-4a22-a47d-8c48425ef4a7;28eb1a3f-1c15-4a95-931a-4af90ecb574d;997448a8-f762-11e1-a439-00145eb45e9a;28eb1a3f-1c15-4a95-931a-4af90ecb574d;US;DWC_ARCHIVE;2026-04-17T19:39:17.972+00:00;2026-04-18T07:49:38.882+00:00;589;PRESENT;5255147;5;95;320;1298;4168;2568748;5255147;5255147;Xylaria;hypoxylon;ACCEPTED;2024-10-08T23:58:47;298;EUROPE;10;9;283;283;2026-01-03T21:07:02.000+00:00;2026-04-18T07:49:38.882+00:00;https://www.inaturalist.org/observations/246398783;http://creativecommons.org/licenses/by-nc/4.0/legalcode;FALSE;246398783;none;none;FALSE;Bernd De Bosscher;Bernd De Bosscher;WGS84;none;none;EUROPE;Belgium;NORTH_AMERICA;Bernd De Bosscher;246398783;biology_student_belgium;2024-10-09 01:13:04;8500 Kortrijk, België;5938502132;https://www.inaturalist.org/observations/246398783;55267;wild;246398783;01:13:04+02:00;550385902;Xylaria hypoxylon (L.) Grev.;NA;NA;NA;NA;NA;NA;NA;NA;NA
Xylaria hypoxylon;4978596758;Xylaria hypoxylon (L.) Grev.;Xylaria hypoxylon (L.) Grev.;SPECIES;Fungi;Ascomycota;Sordariomycetes;Xylariales;Xylariaceae;Xylaria;Xylaria hypoxylon;BE;Vlaanderen;50,830858;4,516882;2024-11-02T15:22:28;2024;HUMAN_OBSERVATION;iNaturalist;Observations;iNaturalist research-grade observations;cdc,cdround;50c9509d-22c7-4a22-a47d-8c48425ef4a7;28eb1a3f-1c15-4a95-931a-4af90ecb574d;997448a8-f762-11e1-a439-00145eb45e9a;28eb1a3f-1c15-4a95-931a-4af90ecb574d;US;DWC_ARCHIVE;2026-04-17T19:39:17.972+00:00;2026-04-18T09:30:26.262+00:00;589;PRESENT;5255147;5;95;320;1298;4168;2568748;5255147;5255147;Xylaria;hypoxylon;ACCEPTED;2024-11-02T20:47:26;4045;EUROPE;11;2;307;307;2024-11-24T17:56:15.000+00:00;2026-04-18T09:30:26.262+00:00;https://www.inaturalist.org/observations/250193034;http://creativecommons.org/licenses/by-nc/4.0/legalcode;FALSE;250193034;none;none;FALSE;valentina-camarti;valentina-camarti;WGS84;none;none;EUROPE;Belgium;NORTH_AMERICA;valentina-camarti;250193034;valentina-camarti;2024-11-02 15:22:28+01:00;Leuvensesteenweg, Tervuren, Flemish Brabant, BE;4978596758;https://www.inaturalist.org/observations/250193034;55267;wild;250193034;15:22:28+01:00;560014138;Xylaria hypoxylon (L.) Grev.;NA;NA;NA;NA;NA;NA;NA;NA;NA
Xylaria hypoxylon;4980283182;Xylaria hypoxylon (L.) Grev.;Xylaria hypoxylon (L.) Grev.;SPECIES;Fungi;Ascomycota;Sordariomycetes;Xylariales;Xylariaceae;Xylaria;Xylaria hypoxylon;BE;Vlaanderen;51,223207;2,924011;2024-11-12T08:46:03;2024;HUMAN_OBSERVATION;iNaturalist;Observations;iNaturalist research-grade observations;cdc,cdround;50c9509d-22c7-4a22-a47d-8c48425ef4a7;28eb1a3f-1c15-4a95-931a-4af90ecb574d;997448a8-f762-11e1-a439-00145eb45e9a;28eb1a3f-1c15-4a95-931a-4af90ecb574d;US;DWC_ARCHIVE;2026-04-17T19:39:17.972+00:00;2026-04-18T09:30:49.729+00:00;589;PRESENT;5255147;5;95;320;1298;4168;2568748;5255147;5255147;Xylaria;hypoxylon;ACCEPTED;2024-11-12T08:31:04;NA;EUROPE;11;12;317;317;2024-11-24T18:04:39.000+00:00;2026-04-18T09:30:49.729+00:00;https://www.inaturalist.org/observations/251416823;http://creativecommons.org/licenses/by-nc/4.0/legalcode;FALSE;251416823;none;none;FALSE;Johan Devos;Johan Devos;WGS84;none;none;EUROPE;Belgium;NORTH_AMERICA;Johan Devos;251416823;johan145;2024-11-12 08:46:03;Hazegras, 8400 Ostend, België;4980283182;https://www.inaturalist.org/observations/251416823;55267;wild;251416823;08:46:03+01:00;563401990;Xylaria hypoxylon (L.) Grev.;NA;NA;NA;NA;NA;NA;NA;NA;NA
Xylaria hypoxylon;4981977985;Xylaria hypoxylon (L.) Grev.;Xylaria hypoxylon (L.) Grev.;SPECIES;Fungi;Ascomycota;Sordariomycetes;Xylariales;Xylariaceae;Xylaria;Xylaria hypoxylon;BE;Vlaanderen;50,803766;4,523394;2024-11-02T10:54;2024;HUMAN_OBSERVATION;iNaturalist;Observations;iNaturalist research-grade observations;cdc,cdround;50c9509d-22c7-4a22-a47d-8c48425ef4a7;28eb1a3f-1c15-4a95-931a-4af90ecb574d;997448a8-f762-11e1-a439-00145eb45e9a;28eb1a3f-1c15-4a95-931a-4af90ecb574d;US;DWC_ARCHIVE;2026-04-17T19:39:17.972+00:00;2026-04-18T09:31:11.358+00:00;589;PRESENT;5255147;5;95;320;1298;4168;2568748;5255147;5255147;Xylaria;hypoxylon;ACCEPTED;2024-11-18T11:19:22;31;EUROPE;11;2;307;307;2024-11-24T18:06:53.000+00:00;2026-04-18T09:31:11.358+00:00;https://www.inaturalist.org/observations/252142511;http://creativecommons.org/licenses/by-nc/4.0/legalcode;FALSE;252142511;none;none;FALSE;alexandervivile;alexandervivile;WGS84;none;none;EUROPE;Belgium;NORTH_AMERICA;alexandervivile;252142511;alexandervivile;2024/11/02 10:54;Tervuren, België;4981977985;https://www.inaturalist.org/observations/252142511;55267;wild;252142511;10:54:00+01:00;565472520;Xylaria hypoxylon (L.) Grev.;NA;NA;NA;NA;NA;NA;NA;NA;NA
Xylaria hypoxylon;4987842321;Xylaria hypoxylon (L.) Grev.;Xylaria hypoxylon (L.) Grev.;SPECIES;Fungi;Ascomycota;Sordariomycetes;Xylariales;Xylariaceae;Xylaria;Xylaria hypoxylon;BE;Vlaanderen;50,793547;4,641116;2024-11-24T13:13;2024;HUMAN_OBSERVATION;iNaturalist;Observations;iNaturalist research-grade observations;cdc,cdround;50c9509d-22c7-4a22-a47d-8c48425ef4a7;28eb1a3f-1c15-4a95-931a-4af90ecb574d;997448a8-f762-11e1-a439-00145eb45e9a;28eb1a3f-1c15-4a95-931a-4af90ecb574d;US;DWC_ARCHIVE;2026-04-17T19:39:17.972+00:00;2026-04-18T07:51:19.323+00:00;589;PRESENT;5255147;5;95;320;1298;4168;2568748;5255147;5255147;Xylaria;hypoxylon;ACCEPTED;2024-11-24T23:39:22;8;EUROPE;11;24;329;329;2024-11-25T01:47:24.000+00:00;2026-04-18T07:51:19.323+00:00;https://www.inaturalist.org/observations/252960116;http://creativecommons.org/licenses/by-nc/4.0/legalcode;FALSE;252960116;none;none;FALSE;wouterh;wouterh;WGS84;none;none;EUROPE;Belgium;NORTH_AMERICA;wouterh;252960116;wouterh;2024/11/24 1:13 PM;Sint-agatha-rode, 3040 Huldenberg, Belgium;4987842321;https://www.inaturalist.org/observations/252960116;55267;wild;252960116;13:13:00+01:00;567757207;Xylaria hypoxylon (L.) Grev.;NA;NA;NA;NA;NA;NA;NA;NA;NA
Xylaria hypoxylon;4987846600;Xylaria hypoxylon (L.) Grev.;Xylaria hypoxylon (L.) Grev.;SPECIES;Fungi;Ascomycota;Sordariomycetes;Xylariales;Xylariaceae;Xylaria;Xylaria hypoxylon;BE;Vlaanderen;51,005122;5,674604;2024-11-23T14:36;2024;HUMAN_OBSERVATION;iNaturalist;Observations;iNaturalist research-grade observations;cdc,cdround;50c9509d-22c7-4a22-a47d-8c48425ef4a7;28eb1a3f-1c15-4a95-931a-4af90ecb574d;997448a8-f762-11e1-a439-00145eb45e9a;28eb1a3f-1c15-4a95-931a-4af90ecb574d;US;DWC_ARCHIVE;2026-04-17T19:39:17.972+00:00;2026-04-18T10:58:51.278+00:00;589;PRESENT;5255147;5;95;320;1298;4168;2568748;5255147;5255147;Xylaria;hypoxylon;ACCEPTED;2024-11-24T18:43:26;NA;EUROPE;11;23;328;328;2025-04-12T22:51:55.000+00:00;2026-04-18T10:58:51.278+00:00;https://www.inaturalist.org/observations/252911584;http://creativecommons.org/licenses/by-nc/4.0/legalcode;FALSE;252911584;none;none;FALSE;Frederik Lerouge;Frederik Lerouge;WGS84;none;none;EUROPE;Belgium;NORTH_AMERICA;Frederik Lerouge;252911584;frederikl;2024/11/23 14:36;Lanklaar, 3650 Dilsen-Stokkem, België;4987846600;https://www.inaturalist.org/observations/252911584;55267;wild;252911584;14:36:00+01:00;567654792;Xylaria hypoxylon (L.) Grev.;NA;NA;NA;NA;NA;NA;NA;NA;NA
Xylaria hypoxylon;5932290264;Xylaria hypoxylon (L.) Grev.;Xylaria hypoxylon (L.) Grev.;SPECIES;Fungi;Ascomycota;Sordariomycetes;Xylariales;Xylariaceae;Xylaria;Xylaria hypoxylon;BE;Vlaanderen;50,926944;5,386681;2024-11-25T12:38;2024;HUMAN_OBSERVATION;iNaturalist;Observations;iNaturalist research-grade observations;cdc,cdround;50c9509d-22c7-4a22-a47d-8c48425ef4a7;28eb1a3f-1c15-4a95-931a-4af90ecb574d;997448a8-f762-11e1-a439-00145eb45e9a;28eb1a3f-1c15-4a95-931a-4af90ecb574d;US;DWC_ARCHIVE;2026-04-17T19:39:17.972+00:00;2026-04-18T07:51:17.366+00:00;589;PRESENT;5255147;5;95;320;1298;4168;2568748;5255147;5255147;Xylaria;hypoxylon;ACCEPTED;2024-11-28T12:04:05;8;EUROPE;11;25;330;330;2025-12-10T20:33:19.000+00:00;2026-04-18T07:51:17.366+00:00;https://www.inaturalist.org/observations/253035744;http://creativecommons.org/licenses/by-nc/4.0/legalcode;FALSE;253035744;none;none;FALSE;Saim;Vincent B.;WGS84;none;none;EUROPE;Belgium;NORTH_AMERICA;Saim;253035744;saim_akbas;2024/11/25 12:38;Diepenbeek, 3590 Diepenbeek, België;5932290264;https://www.inaturalist.org/observations/253035744;55267;wild;253035744;12:38:00+01:00;568886823;Xylaria hypoxylon (L.) Grev.;NA;NA;NA;NA;NA;NA;NA;NA;NA
Xylaria hypoxylon;4994302731;Xylaria hypoxylon (L.) Grev.;Xylaria hypoxylon (L.) Grev.;SPECIES;Fungi;Ascomycota;Sordariomycetes;Xylariales;Xylariaceae;Xylaria;Xylaria hypoxylon;BE;Vlaanderen;50,979842;4,526246;2024-12-03T15:08;2024;HUMAN_OBSERVATION;iNaturalist;Observations;iNaturalist research-grade observations;cdc,cdround;50c9509d-22c7-4a22-a47d-8c48425ef4a7;28eb1a3f-1c15-4a95-931a-4af90ecb574d;997448a8-f762-11e1-a439-00145eb45e9a;28eb1a3f-1c15-4a95-931a-4af90ecb574d;US;DWC_ARCHIVE;2026-04-17T19:39:17.972+00:00;2026-04-18T07:51:39.372+00:00;589;PRESENT;5255147;5;95;320;1298;4168;2568748;5255147;5255147;Xylaria;hypoxylon;ACCEPTED;2024-12-04T21:29:44;4;EUROPE;12;3;338;338;2025-04-14T03:42:10.000+00:00;2026-04-18T07:51:39.372+00:00;https://www.inaturalist.org/observations/254144069;http://creativecommons.org/licenses/by-nc/4.0/legalcode;FALSE;254144069;none;none;FALSE;wouterh;wouterh;WGS84;none;none;EUROPE;Belgium;NORTH_AMERICA;wouterh;254144069;wouterh;2024/12/03 3:08 PM;Hever, 3191 Boortmeerbeek, Belgium;4994302731;https://www.inaturalist.org/observations/254144069;55267;wild;254144069;15:08:00+01:00;570924978;Xylaria hypoxylon (L.) Grev.;NA;NA;NA;NA;NA;NA;NA;NA;NA
Xylaria hypoxylon;5007225491;Xylaria hypoxylon (L.) Grev.;Xylaria hypoxylon (L.) Grev.;SPECIES;Fungi;Ascomycota;Sordariomycetes;Xylariales;Xylariaceae;Xylaria;Xylaria hypoxylon;BE;Vlaanderen;51,159271;3,256821;2024-12-31T13:12;2024;HUMAN_OBSERVATION;iNaturalist;Observations;iNaturalist research-grade observations;cdc,cdround;50c9509d-22c7-4a22-a47d-8c48425ef4a7;28eb1a3f-1c15-4a95-931a-4af90ecb574d;997448a8-f762-11e1-a439-00145eb45e9a;28eb1a3f-1c15-4a95-931a-4af90ecb574d;US;DWC_ARCHIVE;2026-04-17T19:39:17.972+00:00;2026-04-18T10:59:41.542+00:00;589;PRESENT;5255147;5;95;320;1298;4168;2568748;5255147;5255147;Xylaria;hypoxylon;ACCEPTED;2024-12-31T22:57:42;4;EUROPE;12;31;366;366;2025-04-17T17:12:31.000+00:00;2026-04-18T10:59:41.542+00:00;https://www.inaturalist.org/observations/256936025;http://creativecommons.org/licenses/by-nc/4.0/legalcode;FALSE;256936025;none;none;FALSE;Alissa De Laere;Alissa De Laere;WGS84;none;none;EUROPE;Belgium;NORTH_AMERICA;Alissa De Laere;256936025;a_delaere;2024/12/31 1:12 PM;Oostkamp, 8020 Oostkamp, Belgium;5007225491;https://www.inaturalist.org/observations/256936025;55267;wild;256936025;13:12:00+01:00;579038807;Xylaria hypoxylon (L.) Grev.;NA;NA;NA;NA;NA;NA;NA;NA;NA
Xylaria hypoxylon;5008340765;Xylaria hypoxylon (L.) Grev.;Xylaria hypoxylon (L.) Grev.;SPECIES;Fungi;Ascomycota;Sordariomycetes;Xylariales;Xylariaceae;Xylaria;Xylaria hypoxylon;BE;Vlaanderen;50,771882;4,443490;2024-12-15T12:24;2024;HUMAN_OBSERVATION;iNaturalist;Observations;iNaturalist research-grade observations;cdc,cdround;50c9509d-22c7-4a22-a47d-8c48425ef4a7;28eb1a3f-1c15-4a95-931a-4af90ecb574d;997448a8-f762-11e1-a439-00145eb45e9a;28eb1a3f-1c15-4a95-931a-4af90ecb574d;US;DWC_ARCHIVE;2026-04-17T19:39:17.972+00:00;2026-04-18T09:32:07.579+00:00;589;PRESENT;5255147;5;95;320;1298;4168;2568748;5255147;5255147;Xylaria;hypoxylon;ACCEPTED;2024-12-17T12:07:18;61;EUROPE;12;15;350;350;2024-12-22T20:05:22.000+00:00;2026-04-18T09:32:07.579+00:00;https://www.inaturalist.org/observations/255386611;http://creativecommons.org/licenses/by-nc/4.0/legalcode;FALSE;255386611;none;none;FALSE;Lambrechts Yves;Lambrechts Yves;WGS84;none;none;EUROPE;Belgium;NORTH_AMERICA;Lambrechts Yves;255386611;brebis107;2024/12/15 12:24;Hoeilaart, Belgique;5008340765;https://www.inaturalist.org/observations/255386611;55267;wild;255386611;12:24:00+01:00;574760195;Xylaria hypoxylon (L.) Grev.;NA;NA;NA;NA;4671,55471386538;NA;NA;NA;NA
Xylaria hypoxylon;5932580661;Xylaria hypoxylon (L.) Grev.;Xylaria hypoxylon (L.) Grev.;SPECIES;Fungi;Ascomycota;Sordariomycetes;Xylariales;Xylariaceae;Xylaria;Xylaria hypoxylon;BE;Vlaanderen;50,771838;4,443102;2024-12-19T15:54:03;2024;HUMAN_OBSERVATION;iNaturalist;Observations;iNaturalist research-grade observations;cdc,cdround;50c9509d-22c7-4a22-a47d-8c48425ef4a7;28eb1a3f-1c15-4a95-931a-4af90ecb574d;997448a8-f762-11e1-a439-00145eb45e9a;28eb1a3f-1c15-4a95-931a-4af90ecb574d;US;DWC_ARCHIVE;2026-04-17T19:39:17.972+00:00;2026-04-18T10:59:24.659+00:00;589;PRESENT;5255147;5;95;320;1298;4168;2568748;5255147;5255147;Xylaria;hypoxylon;ACCEPTED;2024-12-19T18:34:46;NA;EUROPE;12;19;354;354;2025-12-11T12:35:37.000+00:00;2026-04-18T10:59:24.659+00:00;https://www.inaturalist.org/observations/255606099;http://creativecommons.org/licenses/by-nc/4.0/legalcode;FALSE;255606099;none;none;FALSE;Lambrechts Yves;Lambrechts Yves;WGS84;none;none;EUROPE;Belgium;NORTH_AMERICA;Lambrechts Yves;255606099;brebis107;2024-12-19 15:54:03;1560 Hoeilaart, Belgique;5932580661;https://www.inaturalist.org/observations/255606099;55267;wild;255606099;15:54:03+01:00;575421347;Xylaria hypoxylon (L.) Grev.;NA;NA;NA;NA;4692,40809815125;NA;NA;NA;NA
Xylaria hypoxylon;4014957757;Xylaria hypoxylon (L.) Grev.;Xylaria hypoxylon (L.) Grev.;SPECIES;Fungi;Ascomycota;Sordariomycetes;Xylariales;Xylariaceae;Xylaria;Xylaria hypoxylon;BE;Vlaanderen;50,916900;4,080300;2023-01-01T13:22;2023;HUMAN_OBSERVATION;iNaturalist;Observations;iNaturalist research-grade observations;cdc;50c9509d-22c7-4a22-a47d-8c48425ef4a7;28eb1a3f-1c15-4a95-931a-4af90ecb574d;997448a8-f762-11e1-a439-00145eb45e9a;28eb1a3f-1c15-4a95-931a-4af90ecb574d;US;DWC_ARCHIVE;2026-04-17T19:39:17.972+00:00;2026-04-18T07:23:56.569+00:00;589;PRESENT;5255147;5;95;320;1298;4168;2568748;5255147;5255147;Xylaria;hypoxylon;ACCEPTED;2023-01-01T14:59:08;4;EUROPE;1;1;1;1;2023-01-04T21:50:16.000+00:00;2026-04-18T07:23:56.569+00:00;https://www.inaturalist.org/observations/145580471;http://creativecommons.org/licenses/by-nc/4.0/legalcode;FALSE;145580471;none;none;FALSE;Frederik V. Holsbeeck;Frederik V. Holsbeeck;WGS84;none;none;EUROPE;Belgium;NORTH_AMERICA;Frederik V. Holsbeeck;145580471;frvh1;2023/01/01 13:22;Aalst, België;4014957757;https://www.inaturalist.org/observations/145580471;55267;wild;145580471;13:22:00+01:00;324151284;Xylaria hypoxylon (L.) Grev.;NA;NA;NA;NA;NA;NA;NA;NA;NA
